Order ID,Order Date,Region,Sales,Promotion Active,Discount
ORD0001,2025-04-13,North,703.72,False,0.0
ORD0002,2026-03-12,West,702.9,False,0.0
ORD0003,2025-09-28,West,753.64,False,0.0
ORD0004,2025-04-17,North,522.77,False,0.0
ORD0005,2025-03-13,South,522.48,False,0.0
ORD0006,2025-01-21,West,772.61,False,0.0
ORD0007,2025-05-02,West,546.83,False,0.0
ORD0008,2026-04-12,South,786.3,False,0.0
ORD0009,2025-08-03,East,567.38,False,0.0
ORD0010,2025-11-27,South,542.39,False,0.0
ORD0011,2026-04-04,East,500.07,True,5.0
ORD0012,2025-03-29,West,618.12,True,25.0
ORD0013,2026-01-08,West,843.8,False,0.0
ORD0014,2025-04-10,West,678.45,False,0.0
ORD0015,2025-05-11,South,978.33,False,0.0
ORD0016,2025-11-05,South,740.11,False,0.0
ORD0017,2025-12-10,North,489.96,False,0.0
ORD0018,2026-05-07,South,914.57,False,0.0
ORD0019,2026-02-18,North,539.95,False,0.0
ORD0020,2026-01-21,East,676.89,True,15.0
ORD0021,2025-07-11,East,483.35,False,0.0
ORD0022,2025-10-04,North,592.15,False,0.0
ORD0023,2025-06-10,North,759.93,True,25.0
ORD0024,2026-04-05,East,870.12,True,5.0
ORD0025,2025-11-10,North,560.67,True,20.0
ORD0026,2025-01-22,South,729.83,True,10.0
ORD0027,2025-09-10,South,601.55,False,0.0
ORD0028,2026-07-15,East,656.55,False,0.0
ORD0029,2026-04-20,North,583.29,False,0.0
ORD0030,2025-02-28,South,610.11,False,0.0
ORD0031,2026-05-26,East,745.59,False,0.0
ORD0032,2026-04-21,South,650.96,False,0.0
ORD0033,2025-07-09,East,532.09,False,0.0
ORD0034,2026-07-17,North,721.94,False,0.0
ORD0035,2026-07-21,North,765.33,False,0.0
ORD0036,2025-09-01,North,412.46,False,0.0
ORD0037,2026-05-20,South,650.49,False,0.0
ORD0038,2025-05-11,West,787.13,False,0.0
ORD0039,2026-04-30,North,791.9,False,0.0
ORD0040,2025-01-21,South,610.23,True,10.0
ORD0041,2025-06-16,East,406.39,False,0.0
ORD0042,2025-10-01,West,559.18,False,0.0
ORD0043,2026-01-23,West,626.01,False,0.0
ORD0044,2025-11-12,East,599.68,True,5.0
ORD0045,2025-01-14,South,499.51,True,10.0
ORD0046,2025-08-30,South,616.78,False,0.0
ORD0047,2025-12-12,West,768.91,False,0.0
ORD0048,2026-07-19,East,694.99,False,0.0
ORD0049,2025-12-06,East,512.08,False,0.0
ORD0050,2025-04-02,South,800.31,False,0.0
ORD0051,2026-01-02,North,741.82,False,0.0
ORD0052,2026-03-31,North,783.9,True,5.0
ORD0053,2026-03-04,East,723.48,False,0.0
ORD0054,2026-05-24,West,801.55,False,0.0
ORD0055,2025-02-04,West,735.81,False,0.0
ORD0056,2025-07-25,West,613.19,False,0.0
ORD0057,2025-03-22,South,558.32,True,5.0
ORD0058,2026-07-16,North,759.28,False,0.0
ORD0059,2026-01-23,North,576.1,True,10.0
ORD0060,2025-01-02,East,568.83,True,15.0
ORD0061,2026-01-25,North,740.55,True,10.0
ORD0062,2026-07-20,West,529.33,False,0.0
ORD0063,2025-04-16,South,832.4,False,0.0
ORD0064,2026-04-22,East,728.65,False,0.0
ORD0065,2026-02-06,North,794.9,False,0.0
ORD0066,2026-07-10,West,783.66,False,0.0
ORD0067,2025-06-11,West,789.98,True,20.0
ORD0068,2025-07-21,South,595.41,False,0.0
ORD0069,2025-09-27,South,731.99,False,0.0
ORD0070,2025-09-28,West,626.46,False,0.0
ORD0071,2026-04-01,West,615.23,True,20.0
ORD0072,2026-04-07,East,500.1,True,5.0
ORD0073,2025-09-09,North,517.06,False,0.0
ORD0074,2025-10-23,South,569.73,False,0.0
ORD0075,2025-12-04,South,492.42,False,0.0
ORD0076,2025-02-22,East,430.29,False,0.0
ORD0077,2025-08-05,North,543.77,False,0.0
ORD0078,2025-07-07,West,553.27,False,0.0
ORD0079,2026-01-15,West,1018.0,True,25.0
ORD0080,2026-05-08,North,685.36,False,0.0
ORD0081,2025-02-10,West,749.47,False,0.0
ORD0082,2025-06-06,South,895.74,True,25.0
ORD0083,2025-01-15,North,496.36,True,20.0
ORD0084,2025-03-06,North,544.24,False,0.0
ORD0085,2026-06-05,West,753.76,False,0.0
ORD0086,2025-12-10,West,658.34,False,0.0
ORD0087,2025-05-09,West,639.82,False,0.0
ORD0088,2026-04-17,West,686.81,False,0.0
ORD0089,2025-03-04,East,572.22,False,0.0
ORD0090,2025-05-19,North,579.73,False,0.0
ORD0091,2026-05-14,North,1051.8,False,0.0
ORD0092,2026-08-16,East,699.96,False,0.0
ORD0093,2026-01-27,North,657.44,True,10.0
ORD0094,2026-02-23,North,805.58,False,0.0
ORD0095,2025-10-16,West,658.12,False,0.0
ORD0096,2026-01-14,East,717.37,True,15.0
ORD0097,2026-05-05,North,553.2,False,0.0
ORD0098,2025-08-19,South,515.54,True,10.0
ORD0099,2025-02-10,East,450.68,False,0.0
ORD0100,2025-01-28,North,558.54,False,0.0
ORD0101,2025-05-15,East,247.75,False,0.0
ORD0102,2025-07-20,East,443.99,False,0.0
ORD0103,2025-02-02,West,751.78,False,0.0
ORD0104,2025-02-17,East,432.62,False,0.0
ORD0105,2026-05-18,South,927.35,False,0.0
ORD0106,2026-02-11,East,683.32,False,0.0
ORD0107,2026-07-28,West,805.73,False,0.0
ORD0108,2025-04-09,West,759.53,False,0.0
ORD0109,2026-07-01,East,755.43,True,5.0
ORD0110,2026-04-07,West,1050.81,True,20.0
ORD0111,2025-01-05,North,495.62,True,20.0
ORD0112,2025-08-06,East,437.0,False,0.0
ORD0113,2026-05-18,North,812.24,False,0.0
ORD0114,2026-02-02,South,882.98,False,0.0
ORD0115,2026-01-28,North,791.05,True,10.0
ORD0116,2025-07-26,West,472.5,False,0.0
ORD0117,2025-01-15,East,548.09,False,0.0
ORD0118,2026-07-08,South,654.62,False,0.0
ORD0119,2026-04-06,West,879.66,True,20.0
ORD0120,2026-07-29,South,756.62,False,0.0
ORD0121,2025-08-29,West,714.1,True,25.0
ORD0122,2026-07-18,West,590.97,False,0.0
ORD0123,2025-04-06,North,638.35,False,0.0
ORD0124,2026-04-30,North,820.06,False,0.0
ORD0125,2026-02-11,South,796.42,False,0.0
ORD0126,2025-08-19,East,511.15,True,25.0
ORD0127,2025-06-20,South,645.17,False,0.0
ORD0128,2026-06-25,West,812.46,False,0.0
ORD0129,2025-02-05,West,661.33,False,0.0
ORD0130,2026-06-09,North,680.58,False,0.0
ORD0131,2025-06-09,North,591.52,True,25.0
ORD0132,2025-08-31,West,403.02,True,25.0
ORD0133,2025-03-27,East,405.75,True,15.0
ORD0134,2026-08-01,West,703.37,False,0.0
ORD0135,2026-07-11,South,667.54,False,0.0
ORD0136,2026-07-28,West,735.1,False,0.0
ORD0137,2025-01-28,East,596.24,False,0.0
ORD0138,2026-07-10,South,1006.93,False,0.0
ORD0139,2025-12-06,West,645.82,False,0.0
ORD0140,2025-11-27,West,534.7,False,0.0
ORD0141,2026-05-21,South,715.78,False,0.0
ORD0142,2025-12-14,South,925.89,False,0.0
ORD0143,2026-04-18,West,967.08,False,0.0
ORD0144,2025-08-19,North,531.97,True,20.0
ORD0145,2025-07-09,North,586.74,False,0.0
ORD0146,2025-08-13,South,625.41,False,0.0
ORD0147,2026-01-20,West,813.35,False,0.0
ORD0148,2026-01-12,North,669.91,True,10.0
ORD0149,2025-10-10,West,669.73,False,0.0
ORD0150,2025-09-16,West,663.61,False,0.0
ORD0151,2025-12-25,West,597.34,False,0.0
ORD0152,2026-04-01,North,807.61,True,5.0
ORD0153,2026-02-15,West,955.34,False,0.0
ORD0154,2025-11-14,South,733.9,False,0.0
ORD0155,2025-08-13,North,586.66,False,0.0
ORD0156,2025-08-22,South,565.66,True,10.0
ORD0157,2026-01-09,North,588.74,False,0.0
ORD0158,2026-04-17,East,695.65,False,0.0
ORD0159,2025-08-21,South,578.81,True,10.0
ORD0160,2025-04-23,South,847.85,False,0.0
ORD0161,2026-05-12,North,743.67,False,0.0
ORD0162,2026-03-18,South,793.09,False,0.0
ORD0163,2026-07-18,East,737.09,False,0.0
ORD0164,2025-09-25,West,491.52,False,0.0
ORD0165,2026-05-25,West,825.82,False,0.0
ORD0166,2026-01-21,North,625.27,True,10.0
ORD0167,2026-01-22,North,954.89,True,10.0
ORD0168,2025-04-23,East,561.45,False,0.0
ORD0169,2025-03-22,East,477.13,True,15.0
ORD0170,2025-04-23,South,735.74,False,0.0
ORD0171,2025-01-02,North,507.55,True,20.0
ORD0172,2025-08-08,North,491.39,False,0.0
ORD0173,2026-07-20,East,731.32,False,0.0
ORD0174,2025-08-13,North,608.65,False,0.0
ORD0175,2026-01-20,North,716.74,True,10.0
ORD0176,2026-02-07,East,563.64,False,0.0
ORD0177,2025-05-10,North,800.36,False,0.0
ORD0178,2025-02-22,West,683.83,False,0.0
ORD0179,2026-02-20,East,601.08,False,0.0
ORD0180,2025-09-04,West,700.35,True,25.0
ORD0181,2026-03-15,North,771.25,False,0.0
ORD0182,2025-07-22,West,718.62,False,0.0
ORD0183,2025-07-03,South,730.25,False,0.0
ORD0184,2025-05-03,East,758.9,False,0.0
ORD0185,2026-02-05,North,594.45,False,0.0
ORD0186,2025-10-21,West,557.74,False,0.0
ORD0187,2025-10-07,East,729.45,False,0.0
ORD0188,2025-07-17,East,510.03,False,0.0
ORD0189,2026-05-26,North,619.19,False,0.0
ORD0190,2025-05-24,East,605.44,False,0.0
ORD0191,2025-07-20,North,670.31,False,0.0
ORD0192,2025-05-04,East,552.33,False,0.0
ORD0193,2025-07-06,East,369.38,False,0.0
ORD0194,2025-11-22,South,592.7,False,0.0
ORD0195,2026-04-09,West,633.48,False,0.0
ORD0196,2025-12-15,East,746.14,False,0.0
ORD0197,2026-02-07,South,619.57,False,0.0
ORD0198,2025-12-12,East,509.35,False,0.0
ORD0199,2026-05-26,West,898.78,False,0.0
ORD0200,2025-05-27,East,442.69,False,0.0
ORD0201,2025-05-28,East,588.81,False,0.0
ORD0202,2026-05-04,West,749.94,False,0.0
ORD0203,2026-07-05,North,752.24,False,0.0
ORD0204,2025-12-04,South,679.77,False,0.0
ORD0205,2026-04-18,North,752.08,False,0.0
ORD0206,2025-05-31,South,837.61,True,25.0
ORD0207,2026-02-19,South,699.64,False,0.0
ORD0208,2025-10-25,South,689.37,False,0.0
ORD0209,2025-09-20,West,671.88,False,0.0
ORD0210,2025-05-24,South,577.06,False,0.0
ORD0211,2025-12-12,West,510.75,False,0.0
ORD0212,2026-07-26,North,662.11,False,0.0
ORD0213,2025-01-02,North,347.35,True,20.0
ORD0214,2025-10-31,West,644.0,True,25.0
ORD0215,2025-09-11,South,703.01,False,0.0
ORD0216,2026-03-29,East,538.53,True,5.0
ORD0217,2025-02-06,North,648.53,False,0.0
ORD0218,2025-06-09,South,847.39,True,25.0
ORD0219,2025-01-09,West,617.67,True,25.0
ORD0220,2025-08-21,West,727.06,True,25.0
ORD0221,2025-04-09,North,589.25,False,0.0
ORD0222,2025-07-27,North,515.33,False,0.0
ORD0223,2025-05-11,South,712.23,False,0.0
ORD0224,2026-02-08,West,655.27,False,0.0
ORD0225,2025-06-01,South,647.8,True,25.0
ORD0226,2025-02-23,North,592.01,False,0.0
ORD0227,2025-04-30,West,697.96,False,0.0
ORD0228,2026-08-10,West,797.18,False,0.0
ORD0229,2026-02-24,South,574.7,False,0.0
ORD0230,2026-02-26,East,983.71,False,0.0
ORD0231,2025-04-14,North,529.29,False,0.0
ORD0232,2025-09-11,East,541.3,False,0.0
ORD0233,2025-08-15,West,632.19,True,25.0
ORD0234,2025-04-22,South,655.2,False,0.0
ORD0235,2026-05-25,West,901.62,False,0.0
ORD0236,2026-04-18,West,721.51,False,0.0
ORD0237,2025-04-09,West,678.19,False,0.0
ORD0238,2025-06-02,East,726.89,True,5.0
ORD0239,2025-12-04,West,618.41,False,0.0
ORD0240,2025-06-12,West,666.99,True,20.0
ORD0241,2025-06-10,East,451.48,True,5.0
ORD0242,2026-08-03,East,684.75,False,0.0
ORD0243,2026-02-02,South,727.37,False,0.0
ORD0244,2025-10-04,East,517.03,False,0.0
ORD0245,2026-05-19,West,967.86,False,0.0
ORD0246,2026-01-27,West,734.14,False,0.0
ORD0247,2025-05-15,East,609.65,False,0.0
ORD0248,2025-07-14,South,713.69,False,0.0
ORD0249,2026-02-05,South,975.09,False,0.0
ORD0250,2025-02-02,West,676.94,False,0.0
ORD0251,2026-04-05,West,1017.37,True,20.0
ORD0252,2026-04-15,North,739.06,False,0.0
ORD0253,2026-01-10,South,624.88,False,0.0
ORD0254,2025-01-22,East,367.07,False,0.0
ORD0255,2025-02-07,South,504.65,False,0.0
ORD0256,2025-08-18,South,614.6,True,10.0
ORD0257,2025-12-31,North,669.87,False,0.0
ORD0258,2026-07-17,East,563.29,False,0.0
ORD0259,2026-03-14,East,437.73,False,0.0
ORD0260,2025-10-10,West,535.87,False,0.0
ORD0261,2025-01-27,South,606.92,False,0.0
ORD0262,2025-08-14,South,646.49,True,10.0
ORD0263,2025-10-04,South,788.78,False,0.0
ORD0264,2025-10-11,South,456.37,False,0.0
ORD0265,2026-04-26,East,772.36,False,0.0
ORD0266,2026-03-29,East,756.62,True,5.0
ORD0267,2026-05-31,West,790.35,False,0.0
ORD0268,2026-07-01,West,838.36,False,0.0
ORD0269,2025-07-11,North,560.69,False,0.0
ORD0270,2025-02-18,North,637.45,False,0.0
ORD0271,2026-05-27,South,762.04,False,0.0
ORD0272,2025-01-17,South,537.67,True,10.0
ORD0273,2025-06-21,West,452.63,False,0.0
ORD0274,2025-08-08,East,534.99,False,0.0
ORD0275,2025-06-07,East,494.54,True,5.0
ORD0276,2026-04-22,North,575.43,False,0.0
ORD0277,2025-02-15,North,491.88,False,0.0
ORD0278,2026-01-08,South,850.4,False,0.0
ORD0279,2026-06-02,East,694.96,False,0.0
ORD0280,2025-04-09,South,620.01,False,0.0
ORD0281,2025-02-06,West,766.02,False,0.0
ORD0282,2025-10-07,East,488.79,False,0.0
ORD0283,2025-12-15,North,672.48,False,0.0
ORD0284,2026-05-12,East,706.7,False,0.0
ORD0285,2025-10-29,West,588.73,True,25.0
ORD0286,2025-06-30,North,625.19,False,0.0
ORD0287,2025-04-09,East,665.34,False,0.0
ORD0288,2025-04-26,West,650.33,False,0.0
ORD0289,2025-07-10,South,760.42,False,0.0
ORD0290,2025-09-10,South,565.59,False,0.0
ORD0291,2025-06-10,West,854.07,True,20.0
ORD0292,2025-09-13,North,470.83,False,0.0
ORD0293,2025-11-19,East,718.5,False,0.0
ORD0294,2025-05-08,North,498.08,False,0.0
ORD0295,2025-01-18,East,465.05,False,0.0
ORD0296,2026-07-20,North,749.28,False,0.0
ORD0297,2026-07-24,North,830.4,False,0.0
ORD0298,2025-11-19,South,866.57,False,0.0
ORD0299,2025-10-15,North,680.55,False,0.0
ORD0300,2025-06-04,South,520.64,True,25.0
ORD0301,2026-05-05,West,897.78,False,0.0
ORD0302,2026-01-21,South,707.49,True,5.0
ORD0303,2025-04-14,South,844.73,False,0.0
ORD0304,2026-01-28,West,902.24,False,0.0
ORD0305,2025-09-03,North,570.72,False,0.0
ORD0306,2025-06-25,East,489.07,False,0.0
ORD0307,2025-02-08,South,554.42,False,0.0
ORD0308,2026-04-22,South,801.76,False,0.0
ORD0309,2026-06-22,North,641.01,False,0.0
ORD0310,2026-02-12,West,795.87,False,0.0
ORD0311,2026-06-09,North,865.69,False,0.0
ORD0312,2026-05-21,East,698.17,False,0.0
ORD0313,2025-02-05,South,543.06,False,0.0
ORD0314,2025-01-20,East,397.73,False,0.0
ORD0315,2025-11-17,West,711.09,False,0.0
ORD0316,2026-05-27,East,894.62,False,0.0
ORD0317,2026-02-04,South,846.27,False,0.0
ORD0318,2026-04-16,West,753.43,False,0.0
ORD0319,2025-05-23,North,517.44,False,0.0
ORD0320,2025-04-02,South,799.9,False,0.0
ORD0321,2025-12-20,North,794.03,False,0.0
ORD0322,2025-02-20,South,655.76,False,0.0
ORD0323,2026-07-29,East,569.76,False,0.0
ORD0324,2025-07-09,North,449.31,False,0.0
ORD0325,2025-05-05,West,689.64,False,0.0
ORD0326,2025-05-30,West,753.23,False,0.0
ORD0327,2025-11-10,South,593.89,False,0.0
ORD0328,2026-07-24,West,788.56,False,0.0
ORD0329,2025-12-08,North,663.52,False,0.0
ORD0330,2025-11-01,East,558.78,True,5.0
ORD0331,2025-02-23,North,489.87,False,0.0
ORD0332,2026-03-20,South,765.8,False,0.0
ORD0333,2025-09-21,North,550.49,False,0.0
ORD0334,2025-02-22,South,770.6,False,0.0
ORD0335,2026-07-26,South,1092.21,False,0.0
ORD0336,2025-01-05,South,506.13,True,10.0
ORD0337,2025-04-13,West,709.95,False,0.0
ORD0338,2025-07-15,West,629.92,False,0.0
ORD0339,2025-12-16,North,582.91,False,0.0
ORD0340,2025-02-16,West,758.74,False,0.0
ORD0341,2025-09-26,West,650.2,False,0.0
ORD0342,2026-01-05,South,849.87,False,0.0
ORD0343,2025-04-16,North,504.65,False,0.0
ORD0344,2025-04-30,East,531.16,False,0.0
ORD0345,2025-02-27,South,703.95,False,0.0
ORD0346,2025-12-12,West,698.6,False,0.0
ORD0347,2026-04-19,North,1075.65,False,0.0
ORD0348,2025-04-27,West,650.33,False,0.0
ORD0349,2025-05-07,North,370.26,False,0.0
ORD0350,2026-01-28,North,706.69,True,10.0
ORD0351,2025-02-27,South,755.03,False,0.0
ORD0352,2026-05-28,South,892.05,False,0.0
ORD0353,2025-04-06,South,391.78,False,0.0
ORD0354,2025-04-28,North,652.35,False,0.0
ORD0355,2026-07-14,East,692.41,False,0.0
ORD0356,2026-05-03,East,552.3,False,0.0
ORD0357,2025-08-25,North,487.07,False,0.0
ORD0358,2025-09-29,West,590.82,False,0.0
ORD0359,2025-07-08,North,528.33,False,0.0
ORD0360,2026-03-23,North,713.0,False,0.0
ORD0361,2026-08-04,South,840.56,False,0.0
ORD0362,2025-09-04,North,489.45,False,0.0
ORD0363,2025-03-17,South,540.54,True,5.0
ORD0364,2025-06-03,East,630.13,True,5.0
ORD0365,2026-03-11,South,736.68,False,0.0
ORD0366,2025-03-27,West,653.48,True,25.0
ORD0367,2025-10-12,South,592.76,False,0.0
ORD0368,2025-08-08,South,530.57,False,0.0
ORD0369,2025-03-10,West,756.86,False,0.0
ORD0370,2025-02-16,North,654.47,False,0.0
ORD0371,2025-04-04,South,682.01,False,0.0
ORD0372,2026-03-29,South,897.02,True,25.0
ORD0373,2025-07-23,West,633.76,False,0.0
ORD0374,2025-08-06,North,458.04,False,0.0
ORD0375,2026-04-19,North,648.72,False,0.0
ORD0376,2026-03-08,South,876.75,False,0.0
ORD0377,2025-12-07,South,581.32,False,0.0
ORD0378,2026-07-05,South,833.59,False,0.0
ORD0379,2025-10-16,East,315.31,False,0.0
ORD0380,2025-09-11,South,591.54,False,0.0
ORD0381,2025-12-23,South,783.22,False,0.0
ORD0382,2025-01-23,West,625.61,False,0.0
ORD0383,2026-06-06,West,967.16,False,0.0
ORD0384,2025-04-10,South,598.82,False,0.0
ORD0385,2025-06-29,South,680.4,False,0.0
ORD0386,2025-08-11,East,575.23,False,0.0
ORD0387,2026-03-18,East,717.06,False,0.0
ORD0388,2025-11-21,East,600.53,False,0.0
ORD0389,2026-05-31,North,608.18,False,0.0
ORD0390,2025-01-16,East,495.34,False,0.0
ORD0391,2025-12-02,South,683.48,False,0.0
ORD0392,2025-09-15,North,550.49,False,0.0
ORD0393,2026-05-12,East,602.54,False,0.0
ORD0394,2025-06-09,South,856.05,True,25.0
ORD0395,2026-04-20,South,1003.38,False,0.0
ORD0396,2026-01-15,North,803.72,True,10.0
ORD0397,2026-06-29,North,754.54,False,0.0
ORD0398,2026-03-03,West,725.11,False,0.0
ORD0399,2025-09-25,South,699.52,False,0.0
ORD0400,2026-07-31,South,975.36,False,0.0
ORD0401,2026-02-21,North,767.3,False,0.0
ORD0402,2025-06-17,West,558.55,True,20.0
ORD0403,2025-02-12,East,474.14,False,0.0
ORD0404,2026-07-10,West,782.61,False,0.0
ORD0405,2025-10-12,West,743.19,False,0.0
ORD0406,2026-02-01,East,821.62,False,0.0
ORD0407,2025-01-12,West,508.13,True,25.0
ORD0408,2025-10-29,South,697.97,True,10.0
ORD0409,2025-09-10,West,538.6,False,0.0
ORD0410,2026-05-14,South,712.25,False,0.0
ORD0411,2025-02-04,South,728.8,False,0.0
ORD0412,2025-03-31,North,633.29,False,0.0
ORD0413,2026-02-22,North,760.29,False,0.0
ORD0414,2025-04-25,East,548.59,False,0.0
ORD0415,2025-07-15,South,707.1,False,0.0
ORD0416,2026-05-16,West,871.43,False,0.0
ORD0417,2026-05-08,West,953.19,False,0.0
ORD0418,2025-03-16,South,622.42,False,0.0
ORD0419,2026-02-17,West,912.79,False,0.0
ORD0420,2026-01-11,East,678.07,True,15.0
ORD0421,2026-02-24,North,776.5,False,0.0
ORD0422,2025-10-04,West,601.53,False,0.0
ORD0423,2026-01-29,North,690.53,False,0.0
ORD0424,2026-04-02,East,684.88,True,5.0
ORD0425,2025-07-11,West,636.85,False,0.0
ORD0426,2025-04-09,West,518.86,False,0.0
ORD0427,2026-07-02,East,888.5,False,0.0
ORD0428,2025-04-06,South,853.71,False,0.0
ORD0429,2025-07-09,South,877.36,False,0.0
ORD0430,2025-02-06,West,688.5,False,0.0
ORD0431,2026-01-04,East,536.6,False,0.0
ORD0432,2026-06-09,South,938.39,False,0.0
ORD0433,2025-10-06,North,619.43,False,0.0
ORD0434,2025-08-05,West,521.5,False,0.0
ORD0435,2025-09-30,North,656.99,False,0.0
ORD0436,2025-03-03,North,558.64,False,0.0
ORD0437,2026-08-19,East,676.56,False,0.0
ORD0438,2025-12-08,North,756.14,False,0.0
ORD0439,2026-02-01,South,864.82,False,0.0
ORD0440,2025-01-19,North,674.13,True,20.0
ORD0441,2025-06-26,West,497.41,False,0.0
ORD0442,2026-01-31,North,579.61,False,0.0
ORD0443,2026-03-21,South,776.87,False,0.0
ORD0444,2025-08-21,East,330.05,True,25.0
ORD0445,2025-03-17,West,487.47,True,25.0
ORD0446,2025-09-22,South,785.55,False,0.0
ORD0447,2026-03-31,East,823.14,True,5.0
ORD0448,2026-01-19,North,622.03,True,10.0
ORD0449,2026-07-18,East,857.76,False,0.0
ORD0450,2026-05-21,North,723.3,False,0.0
ORD0451,2026-01-02,East,769.41,False,0.0
ORD0452,2025-05-24,East,722.93,False,0.0
ORD0453,2025-03-10,East,492.46,False,0.0
ORD0454,2025-04-09,West,771.83,False,0.0
ORD0455,2026-01-31,South,973.67,False,0.0
ORD0456,2025-01-25,East,449.68,False,0.0
ORD0457,2026-04-14,West,470.23,False,0.0
ORD0458,2026-04-29,North,868.69,False,0.0
ORD0459,2026-07-19,South,710.02,False,0.0
ORD0460,2025-05-31,North,597.08,True,25.0
ORD0461,2025-05-24,East,572.17,False,0.0
ORD0462,2026-07-23,South,891.04,False,0.0
ORD0463,2025-02-08,East,489.49,False,0.0
ORD0464,2025-04-19,South,761.85,False,0.0
ORD0465,2025-02-11,West,754.26,False,0.0
ORD0466,2025-07-05,East,363.76,False,0.0
ORD0467,2026-02-02,North,547.7,False,0.0
ORD0468,2025-08-11,North,450.43,False,0.0
ORD0469,2025-05-13,North,567.12,False,0.0
ORD0470,2025-06-12,South,793.33,True,25.0
ORD0471,2025-08-03,South,765.46,False,0.0
ORD0472,2025-08-23,West,582.22,True,25.0
ORD0473,2026-08-11,North,656.5,False,0.0
ORD0474,2025-01-09,South,763.77,True,10.0
ORD0475,2025-03-15,North,629.32,False,0.0
ORD0476,2026-05-07,South,845.55,False,0.0
ORD0477,2025-09-10,South,728.77,False,0.0
ORD0478,2025-08-18,North,619.23,True,20.0
ORD0479,2026-06-03,East,719.56,False,0.0
ORD0480,2025-06-23,East,487.06,False,0.0
ORD0481,2025-06-17,West,553.23,True,20.0
ORD0482,2025-06-19,North,511.37,False,0.0
ORD0483,2026-01-28,West,663.7,False,0.0
ORD0484,2025-07-13,West,538.61,False,0.0
ORD0485,2026-06-01,South,806.32,False,0.0
ORD0486,2025-01-29,North,559.37,False,0.0
ORD0487,2025-06-14,West,668.91,True,20.0
ORD0488,2026-02-26,South,711.34,False,0.0
ORD0489,2025-12-05,South,743.08,False,0.0
ORD0490,2026-05-11,East,701.44,False,0.0
ORD0491,2025-12-31,West,702.34,False,0.0
ORD0492,2025-12-08,South,650.69,False,0.0
ORD0493,2026-05-15,East,567.23,False,0.0
ORD0494,2026-05-26,East,744.84,False,0.0
ORD0495,2025-11-23,South,703.11,False,0.0
ORD0496,2025-08-05,South,691.73,False,0.0
ORD0497,2025-10-28,North,523.38,True,20.0
ORD0498,2025-05-12,South,664.03,False,0.0
ORD0499,2025-03-11,West,772.65,False,0.0
ORD0500,2025-09-09,North,774.61,False,0.0
ORD0501,2026-02-19,West,764.13,False,0.0
ORD0502,2026-03-21,East,705.39,False,0.0
ORD0503,2025-07-01,South,679.07,False,0.0
ORD0504,2025-06-16,South,609.39,True,25.0
ORD0505,2025-04-01,North,574.68,False,0.0
ORD0506,2026-06-15,South,1142.69,True,5.0
ORD0507,2025-02-08,East,459.53,False,0.0
ORD0508,2025-05-06,South,737.83,False,0.0
ORD0509,2026-03-27,West,752.22,True,20.0
ORD0510,2025-06-22,West,645.12,False,0.0
ORD0511,2025-08-08,North,493.43,False,0.0
ORD0512,2025-02-27,South,641.27,False,0.0
ORD0513,2026-04-21,West,649.86,False,0.0
ORD0514,2026-04-01,West,854.52,True,20.0
ORD0515,2025-12-27,West,666.59,False,0.0
ORD0516,2025-01-01,South,661.28,True,10.0
ORD0517,2026-01-22,West,748.73,False,0.0
ORD0518,2025-12-14,West,603.11,False,0.0
ORD0519,2025-07-09,South,574.27,False,0.0
ORD0520,2026-05-20,East,686.29,False,0.0
ORD0521,2025-07-10,West,767.66,False,0.0
ORD0522,2026-05-23,West,755.17,False,0.0
ORD0523,2026-01-04,North,466.21,False,0.0
ORD0524,2026-02-13,West,818.64,False,0.0
ORD0525,2025-04-27,East,670.37,False,0.0
ORD0526,2025-05-14,South,788.55,False,0.0
ORD0527,2025-02-27,West,525.23,False,0.0
ORD0528,2026-07-10,East,653.43,False,0.0
ORD0529,2025-06-22,West,738.14,False,0.0
ORD0530,2025-05-29,West,624.44,False,0.0
ORD0531,2025-03-21,South,656.61,True,5.0
ORD0532,2025-08-01,West,564.61,False,0.0
ORD0533,2025-07-22,East,497.93,False,0.0
ORD0534,2025-08-17,East,405.48,True,25.0
ORD0535,2025-08-15,North,569.22,True,20.0
ORD0536,2026-06-16,South,896.73,True,5.0
ORD0537,2026-03-17,West,867.22,False,0.0
ORD0538,2026-02-06,East,640.22,False,0.0
ORD0539,2025-02-16,East,426.94,False,0.0
ORD0540,2025-08-21,North,526.74,True,20.0
ORD0541,2025-11-01,East,657.78,True,5.0
ORD0542,2026-06-10,West,842.62,True,5.0
ORD0543,2025-05-23,North,535.68,False,0.0
ORD0544,2026-02-19,West,878.59,False,0.0
ORD0545,2026-05-28,West,1065.47,False,0.0
ORD0546,2026-01-08,South,825.36,False,0.0
ORD0547,2026-07-20,South,797.81,False,0.0
ORD0548,2025-09-16,South,769.6,False,0.0
ORD0549,2026-04-16,South,832.73,False,0.0
ORD0550,2025-01-12,North,622.17,True,20.0
ORD0551,2025-11-26,East,489.97,False,0.0
ORD0552,2025-12-24,South,701.7,False,0.0
ORD0553,2026-02-12,South,950.69,False,0.0
ORD0554,2026-01-08,East,723.25,False,0.0
ORD0555,2025-01-08,South,612.81,True,10.0
ORD0556,2025-05-02,West,816.13,False,0.0
ORD0557,2025-12-14,East,597.25,False,0.0
ORD0558,2025-03-31,South,634.0,False,0.0
ORD0559,2025-11-12,East,488.46,True,5.0
ORD0560,2025-06-27,West,700.98,False,0.0
ORD0561,2026-06-24,South,1041.19,True,5.0
ORD0562,2025-02-10,South,785.36,False,0.0
ORD0563,2026-05-17,South,1040.91,False,0.0
ORD0564,2025-05-25,West,531.1,False,0.0
ORD0565,2025-07-20,West,697.99,False,0.0
ORD0566,2026-04-06,East,769.95,True,5.0
ORD0567,2026-07-12,South,865.98,False,0.0
ORD0568,2026-07-01,East,718.16,True,5.0
ORD0569,2025-09-10,North,394.9,False,0.0
ORD0570,2026-01-25,West,484.07,False,0.0
ORD0571,2026-08-17,South,821.0,False,0.0
ORD0572,2025-09-13,North,537.25,False,0.0
ORD0573,2026-03-26,South,865.51,False,0.0
ORD0574,2025-01-10,West,624.87,True,25.0
ORD0575,2025-08-30,South,660.01,False,0.0
ORD0576,2025-09-08,West,625.76,False,0.0
ORD0577,2025-01-05,North,601.74,True,20.0
ORD0578,2025-04-29,South,669.22,False,0.0
ORD0579,2026-01-09,West,771.9,False,0.0
ORD0580,2025-03-06,South,633.15,False,0.0
ORD0581,2025-05-26,North,428.29,False,0.0
ORD0582,2025-08-12,East,477.04,False,0.0
ORD0583,2025-08-27,South,748.93,False,0.0
ORD0584,2025-06-26,North,509.16,False,0.0
ORD0585,2025-10-09,West,642.24,False,0.0
ORD0586,2025-03-04,East,620.43,False,0.0
ORD0587,2025-08-05,West,684.22,False,0.0
ORD0588,2026-04-06,North,689.7,True,5.0
ORD0589,2025-04-15,East,496.95,False,0.0
ORD0590,2025-04-09,West,685.49,False,0.0
ORD0591,2026-05-26,East,711.85,False,0.0
ORD0592,2026-01-20,West,829.78,False,0.0
ORD0593,2026-02-09,West,869.17,False,0.0
ORD0594,2026-06-02,South,1257.54,False,0.0
ORD0595,2026-04-21,South,1118.23,False,0.0
ORD0596,2026-03-13,East,644.56,False,0.0
ORD0597,2025-01-23,West,809.51,False,0.0
ORD0598,2026-07-19,East,519.77,False,0.0
ORD0599,2026-04-03,East,582.0,True,5.0
ORD0600,2025-03-24,South,812.02,True,5.0
ORD0601,2025-05-25,North,588.63,False,0.0
ORD0602,2025-03-26,East,342.87,True,15.0
ORD0603,2025-03-19,West,829.7,True,25.0
ORD0604,2026-04-02,South,989.4,True,25.0
ORD0605,2025-01-01,East,463.02,True,15.0
ORD0606,2025-02-20,South,669.27,False,0.0
ORD0607,2026-03-22,South,863.0,False,0.0
ORD0608,2026-03-25,North,511.49,False,0.0
ORD0609,2026-05-03,East,595.46,False,0.0
ORD0610,2025-02-03,South,594.17,False,0.0
ORD0611,2025-12-14,North,731.84,False,0.0
ORD0612,2025-04-05,East,509.08,True,15.0
ORD0613,2025-03-13,South,756.0,False,0.0
ORD0614,2026-07-05,South,814.74,False,0.0
ORD0615,2025-06-03,North,522.09,True,25.0
ORD0616,2025-09-07,South,664.96,False,0.0
ORD0617,2026-03-14,South,884.85,False,0.0
ORD0618,2025-04-28,East,660.17,False,0.0
ORD0619,2025-11-02,West,581.34,True,25.0
ORD0620,2025-09-25,South,570.98,False,0.0
ORD0621,2025-02-23,South,785.68,False,0.0
ORD0622,2025-08-24,East,480.76,True,25.0
ORD0623,2026-01-24,East,718.76,True,15.0
ORD0624,2026-02-05,West,712.7,False,0.0
ORD0625,2025-10-30,West,632.1,True,25.0
ORD0626,2025-07-26,East,461.19,False,0.0
ORD0627,2025-08-17,North,477.8,True,20.0
ORD0628,2026-08-01,South,520.52,False,0.0
ORD0629,2025-03-16,North,758.49,False,0.0
ORD0630,2026-03-11,North,694.71,False,0.0
ORD0631,2025-04-13,North,673.64,False,0.0
ORD0632,2026-02-26,East,651.15,False,0.0
ORD0633,2025-11-02,East,608.41,True,5.0
ORD0634,2025-04-08,North,449.08,False,0.0
ORD0635,2025-12-01,East,563.32,False,0.0
ORD0636,2026-03-11,West,926.77,False,0.0
ORD0637,2026-03-23,East,696.23,False,0.0
ORD0638,2025-11-04,North,500.83,True,20.0
ORD0639,2025-09-06,North,396.05,False,0.0
ORD0640,2025-06-15,South,630.83,True,25.0
ORD0641,2026-04-26,East,478.2,False,0.0
ORD0642,2025-12-01,East,609.21,False,0.0
ORD0643,2026-06-26,East,704.9,True,5.0
ORD0644,2025-04-16,South,829.81,False,0.0
ORD0645,2026-07-17,East,538.56,False,0.0
ORD0646,2025-03-22,West,555.15,True,25.0
ORD0647,2025-05-13,South,788.03,False,0.0
ORD0648,2025-05-18,West,729.63,False,0.0
ORD0649,2025-07-03,West,454.55,False,0.0
ORD0650,2026-02-05,East,572.13,False,0.0
ORD0651,2025-11-26,South,876.54,False,0.0
ORD0652,2026-05-23,East,770.39,False,0.0
ORD0653,2025-03-10,South,681.37,False,0.0
ORD0654,2026-06-30,North,580.73,False,0.0
ORD0655,2025-02-22,West,546.99,False,0.0
ORD0656,2026-03-26,North,712.32,False,0.0
ORD0657,2025-07-24,East,396.98,False,0.0
ORD0658,2025-05-06,North,742.31,False,0.0
ORD0659,2025-02-12,South,799.3,False,0.0
ORD0660,2025-04-21,East,456.79,False,0.0
ORD0661,2025-07-02,South,895.14,False,0.0
ORD0662,2025-04-05,North,574.7,False,0.0
ORD0663,2026-01-09,South,784.19,False,0.0
ORD0664,2026-06-04,West,757.35,False,0.0
ORD0665,2025-12-26,South,622.37,False,0.0
ORD0666,2025-10-08,North,516.13,False,0.0
ORD0667,2025-07-14,West,448.88,False,0.0
ORD0668,2025-07-14,West,595.15,False,0.0
ORD0669,2025-04-03,North,610.61,False,0.0
ORD0670,2025-03-02,West,679.77,False,0.0
ORD0671,2025-02-20,East,400.45,False,0.0
ORD0672,2026-02-07,South,639.25,False,0.0
ORD0673,2025-01-05,South,636.14,True,10.0
ORD0674,2026-04-11,South,733.48,False,0.0
ORD0675,2026-06-18,West,776.27,True,5.0
ORD0676,2026-02-09,South,1007.57,False,0.0
ORD0677,2026-05-28,South,705.91,False,0.0
ORD0678,2025-08-21,West,518.66,True,25.0
ORD0679,2026-06-08,East,775.98,False,0.0
ORD0680,2025-12-12,North,439.27,False,0.0
ORD0681,2025-02-15,South,660.49,False,0.0
ORD0682,2026-06-30,South,1161.32,False,0.0
ORD0683,2025-03-19,West,702.26,True,25.0
ORD0684,2025-03-14,East,629.17,False,0.0
ORD0685,2025-09-06,East,456.18,False,0.0
ORD0686,2025-02-16,North,464.25,False,0.0
ORD0687,2025-05-01,South,552.29,False,0.0
ORD0688,2025-08-02,West,638.29,False,0.0
ORD0689,2025-08-27,West,624.64,True,25.0
ORD0690,2025-02-25,West,834.34,False,0.0
ORD0691,2025-12-16,North,590.61,False,0.0
ORD0692,2025-04-17,West,713.73,False,0.0
ORD0693,2025-02-17,South,671.97,False,0.0
ORD0694,2026-07-27,West,615.57,False,0.0
ORD0695,2025-12-03,South,740.29,False,0.0
ORD0696,2025-01-26,South,762.14,False,0.0
ORD0697,2025-09-14,South,701.8,False,0.0
ORD0698,2025-01-08,South,550.78,True,10.0
ORD0699,2025-09-10,South,913.83,False,0.0
ORD0700,2025-10-30,West,591.12,True,25.0
ORD0701,2025-02-25,West,774.49,False,0.0
ORD0702,2026-06-10,West,769.62,True,5.0
ORD0703,2026-04-19,East,827.3,False,0.0
ORD0704,2025-01-28,West,593.0,False,0.0
ORD0705,2025-03-19,North,598.83,True,15.0
ORD0706,2025-08-04,South,761.41,False,0.0
ORD0707,2026-01-21,East,816.73,True,15.0
ORD0708,2025-12-31,East,566.68,False,0.0
ORD0709,2026-06-10,East,626.76,True,5.0
ORD0710,2025-11-08,South,591.76,False,0.0
ORD0711,2025-01-07,West,497.56,True,25.0
ORD0712,2025-01-03,West,511.48,True,25.0
ORD0713,2025-12-29,North,593.15,False,0.0
ORD0714,2026-05-23,North,861.68,False,0.0
ORD0715,2025-10-01,East,533.24,False,0.0
ORD0716,2026-05-21,North,846.2,False,0.0
ORD0717,2025-01-15,West,659.38,True,25.0
ORD0718,2025-07-11,West,753.66,False,0.0
ORD0719,2026-04-30,West,740.21,False,0.0
ORD0720,2025-01-28,South,678.32,False,0.0
ORD0721,2025-02-08,North,423.11,False,0.0
ORD0722,2025-09-30,North,402.45,False,0.0
ORD0723,2025-08-19,South,656.4,True,10.0
ORD0724,2025-03-27,West,661.5,True,25.0
ORD0725,2026-04-19,North,775.14,False,0.0
ORD0726,2025-05-06,South,800.23,False,0.0
ORD0727,2026-06-21,North,900.81,True,25.0
ORD0728,2025-05-25,East,555.09,False,0.0
ORD0729,2026-06-09,North,723.91,False,0.0
ORD0730,2025-07-31,South,584.56,False,0.0
ORD0731,2025-01-25,North,632.73,False,0.0
ORD0732,2026-08-03,West,674.6,False,0.0
ORD0733,2026-01-29,South,785.83,False,0.0
ORD0734,2025-03-08,South,779.93,False,0.0
ORD0735,2025-08-21,North,556.1,True,20.0
ORD0736,2025-04-19,East,565.5,False,0.0
ORD0737,2025-05-26,South,621.04,False,0.0
ORD0738,2025-04-21,West,720.01,False,0.0
ORD0739,2025-08-16,South,873.77,True,10.0
ORD0740,2025-04-21,East,447.15,False,0.0
ORD0741,2026-04-15,North,634.9,False,0.0
ORD0742,2025-02-03,East,576.88,False,0.0
ORD0743,2026-01-04,West,750.1,False,0.0
ORD0744,2026-08-18,South,960.96,False,0.0
ORD0745,2026-07-08,North,627.68,False,0.0
ORD0746,2026-03-01,South,996.77,False,0.0
ORD0747,2026-06-02,South,926.56,False,0.0
ORD0748,2025-10-09,North,465.2,False,0.0
ORD0749,2025-11-16,East,473.76,False,0.0
ORD0750,2026-03-19,South,894.27,False,0.0
ORD0751,2025-11-11,East,449.41,True,5.0
ORD0752,2026-01-12,North,794.23,True,10.0
ORD0753,2025-10-16,South,723.5,False,0.0
ORD0754,2026-03-13,South,817.24,False,0.0
ORD0755,2025-10-04,West,583.34,False,0.0
ORD0756,2026-08-05,West,861.3,False,0.0
ORD0757,2026-05-18,South,883.68,False,0.0
ORD0758,2026-05-31,South,1160.93,False,0.0
ORD0759,2025-12-16,East,613.97,False,0.0
ORD0760,2026-03-22,East,599.18,False,0.0
ORD0761,2025-12-16,West,571.14,False,0.0
ORD0762,2025-05-17,North,722.43,False,0.0
ORD0763,2025-08-31,West,555.74,True,25.0
ORD0764,2026-06-27,South,868.46,True,5.0
ORD0765,2025-02-09,West,344.58,False,0.0
ORD0766,2025-08-17,South,648.34,True,10.0
ORD0767,2026-07-02,North,557.07,False,0.0
ORD0768,2025-08-11,North,428.95,False,0.0
ORD0769,2025-01-06,West,693.5,True,25.0
ORD0770,2025-11-18,West,608.5,False,0.0
ORD0771,2026-04-13,North,725.4,False,0.0
ORD0772,2025-03-16,West,893.73,False,0.0
ORD0773,2025-01-04,North,607.01,True,20.0
ORD0774,2025-04-28,South,918.34,False,0.0
ORD0775,2026-05-19,North,915.75,False,0.0
ORD0776,2026-07-28,South,914.67,False,0.0
ORD0777,2026-03-17,East,855.89,False,0.0
ORD0778,2025-07-13,North,506.25,False,0.0
ORD0779,2026-01-27,West,657.5,False,0.0
ORD0780,2025-01-26,North,430.77,False,0.0
ORD0781,2026-03-11,North,543.57,False,0.0
ORD0782,2025-06-22,West,663.66,False,0.0
ORD0783,2025-10-27,North,423.96,False,0.0
ORD0784,2025-11-22,North,483.31,False,0.0
ORD0785,2026-02-14,North,699.7,False,0.0
ORD0786,2025-04-28,South,422.34,False,0.0
ORD0787,2025-08-13,South,641.21,False,0.0
ORD0788,2026-06-16,South,865.48,True,5.0
ORD0789,2025-04-23,West,904.01,False,0.0
ORD0790,2025-05-20,South,748.14,False,0.0
ORD0791,2026-07-13,West,789.11,False,0.0
ORD0792,2025-01-01,West,712.61,True,25.0
ORD0793,2025-03-31,North,595.14,False,0.0
ORD0794,2025-11-16,South,704.36,False,0.0
ORD0795,2026-07-04,North,828.72,False,0.0
ORD0796,2025-05-19,South,637.73,False,0.0
ORD0797,2026-05-26,South,1026.49,False,0.0
ORD0798,2025-09-16,West,466.22,False,0.0
ORD0799,2025-01-10,West,648.15,True,25.0
ORD0800,2025-09-18,South,705.59,False,0.0
ORD0801,2025-06-21,South,653.71,False,0.0
ORD0802,2025-01-13,North,522.85,True,20.0
ORD0803,2025-06-17,North,758.1,False,0.0
ORD0804,2026-08-19,South,773.85,False,0.0
ORD0805,2025-11-17,North,633.96,False,0.0
ORD0806,2025-11-15,North,586.06,True,20.0
ORD0807,2025-11-25,South,623.6,False,0.0
ORD0808,2026-07-04,North,647.79,False,0.0
ORD0809,2026-02-23,East,707.82,False,0.0
ORD0810,2025-04-05,North,760.89,False,0.0
ORD0811,2026-08-04,West,593.58,False,0.0
ORD0812,2025-11-14,East,656.62,False,0.0
ORD0813,2025-08-24,South,708.27,True,10.0
ORD0814,2025-11-30,South,679.23,False,0.0
ORD0815,2026-01-11,South,829.1,True,5.0
ORD0816,2026-04-04,North,845.31,True,5.0
ORD0817,2025-05-17,North,510.15,False,0.0
ORD0818,2026-08-11,West,723.94,False,0.0
ORD0819,2026-07-01,South,844.74,False,0.0
ORD0820,2026-05-28,East,504.12,False,0.0
ORD0821,2025-10-23,North,632.51,False,0.0
ORD0822,2025-11-16,South,615.81,False,0.0
ORD0823,2026-07-26,South,738.86,False,0.0
ORD0824,2025-12-15,North,616.95,False,0.0
ORD0825,2025-08-17,South,692.93,True,10.0
ORD0826,2025-09-27,North,576.23,False,0.0
ORD0827,2025-10-18,West,611.6,False,0.0
ORD0828,2025-06-14,South,741.79,True,25.0
ORD0829,2025-01-05,South,547.15,True,10.0
ORD0830,2026-01-14,East,626.74,True,15.0
ORD0831,2025-03-19,West,729.83,True,25.0
ORD0832,2026-02-14,West,720.8,False,0.0
ORD0833,2026-07-28,West,759.85,False,0.0
ORD0834,2025-05-12,West,741.57,False,0.0
ORD0835,2025-02-11,West,624.29,False,0.0
ORD0836,2025-03-30,East,447.62,True,15.0
ORD0837,2026-02-06,North,872.42,False,0.0
ORD0838,2025-10-23,North,662.28,False,0.0
ORD0839,2025-10-22,East,502.62,False,0.0
ORD0840,2026-06-10,North,927.62,True,25.0
ORD0841,2026-02-26,North,813.63,False,0.0
ORD0842,2025-01-23,North,534.09,False,0.0
ORD0843,2026-07-29,East,553.63,False,0.0
ORD0844,2025-05-23,West,557.11,False,0.0
ORD0845,2025-05-25,East,541.16,False,0.0
ORD0846,2025-08-13,North,476.15,False,0.0
ORD0847,2026-05-18,South,779.29,False,0.0
ORD0848,2025-04-14,South,770.22,False,0.0
ORD0849,2025-02-08,South,528.22,False,0.0
ORD0850,2025-07-17,West,467.1,False,0.0
ORD0851,2026-08-02,West,763.33,False,0.0
ORD0852,2026-01-26,South,893.64,True,5.0
ORD0853,2025-06-28,West,687.82,False,0.0
ORD0854,2026-07-08,South,623.98,False,0.0
ORD0855,2026-03-24,East,611.92,False,0.0
ORD0856,2026-05-15,West,756.53,False,0.0
ORD0857,2025-01-15,North,409.02,True,20.0
ORD0858,2025-10-16,North,555.23,False,0.0
ORD0859,2026-04-23,North,797.53,False,0.0
ORD0860,2025-08-19,South,625.81,True,10.0
ORD0861,2026-02-24,West,609.58,False,0.0
ORD0862,2025-06-06,East,721.92,True,5.0
ORD0863,2026-07-04,South,732.04,False,0.0
ORD0864,2026-03-17,South,1026.78,False,0.0
ORD0865,2025-04-07,West,834.69,False,0.0
ORD0866,2026-02-15,South,796.81,False,0.0
ORD0867,2025-10-16,South,690.36,False,0.0
ORD0868,2025-09-11,North,427.78,False,0.0
ORD0869,2025-07-15,South,634.78,False,0.0
ORD0870,2026-06-06,North,798.96,False,0.0
ORD0871,2026-06-01,North,751.87,False,0.0
ORD0872,2025-04-28,South,813.95,False,0.0
ORD0873,2025-06-08,West,612.3,True,20.0
ORD0874,2025-08-16,East,575.11,True,25.0
ORD0875,2025-08-04,West,519.65,False,0.0
ORD0876,2025-01-15,West,633.33,True,25.0
ORD0877,2025-06-06,South,646.06,True,25.0
ORD0878,2025-09-18,North,397.99,False,0.0
ORD0879,2025-06-06,North,673.28,True,25.0
ORD0880,2025-02-16,North,344.55,False,0.0
ORD0881,2025-11-20,West,568.83,False,0.0
ORD0882,2025-05-10,South,608.7,False,0.0
ORD0883,2026-02-15,North,867.84,False,0.0
ORD0884,2025-04-05,West,769.57,False,0.0
ORD0885,2025-10-19,South,539.82,False,0.0
ORD0886,2025-10-10,East,400.96,False,0.0
ORD0887,2025-03-10,West,614.71,False,0.0
ORD0888,2025-01-11,West,480.31,True,25.0
ORD0889,2025-09-11,West,734.12,False,0.0
ORD0890,2026-07-04,East,469.25,False,0.0
ORD0891,2025-05-14,North,797.54,False,0.0
ORD0892,2025-01-23,North,586.29,False,0.0
ORD0893,2025-12-12,West,741.9,False,0.0
ORD0894,2025-10-29,North,572.13,True,20.0
ORD0895,2025-12-29,South,567.61,False,0.0
ORD0896,2026-01-31,East,717.31,False,0.0
ORD0897,2025-08-06,West,614.8,False,0.0
ORD0898,2025-05-21,South,612.0,False,0.0
ORD0899,2025-07-29,South,775.63,False,0.0
ORD0900,2026-04-05,South,1046.28,False,0.0
ORD0901,2025-12-22,West,819.58,False,0.0
ORD0902,2025-11-20,West,739.5,False,0.0
ORD0903,2025-05-13,South,664.32,False,0.0
ORD0904,2025-05-07,South,791.89,False,0.0
ORD0905,2025-04-16,South,854.67,False,0.0
ORD0906,2026-01-13,East,701.32,True,15.0
ORD0907,2025-02-20,West,397.85,False,0.0
ORD0908,2025-01-29,North,553.91,False,0.0
ORD0909,2026-04-07,West,747.77,True,20.0
ORD0910,2025-10-23,North,686.28,False,0.0
ORD0911,2025-10-24,West,606.04,False,0.0
ORD0912,2026-02-11,North,773.22,False,0.0
ORD0913,2026-02-09,East,668.92,False,0.0
ORD0914,2025-12-12,West,823.63,False,0.0
ORD0915,2026-02-24,North,952.79,False,0.0
ORD0916,2025-07-01,West,647.16,False,0.0
ORD0917,2025-01-01,North,541.39,True,20.0
ORD0918,2026-07-21,South,999.8,False,0.0
ORD0919,2026-01-06,North,544.31,False,0.0
ORD0920,2026-03-07,West,689.1,False,0.0
ORD0921,2025-11-05,East,461.37,True,5.0
ORD0922,2025-05-17,East,627.38,False,0.0
ORD0923,2025-07-21,East,520.83,False,0.0
ORD0924,2026-03-12,South,794.83,False,0.0
ORD0925,2025-11-09,South,808.09,False,0.0
ORD0926,2025-04-27,South,553.85,False,0.0
ORD0927,2026-07-29,East,554.68,False,0.0
ORD0928,2025-09-01,West,582.82,True,25.0
ORD0929,2026-06-21,South,1105.86,True,5.0
ORD0930,2025-03-16,South,640.31,False,0.0
ORD0931,2026-01-21,North,747.71,True,10.0
ORD0932,2025-07-29,East,496.92,False,0.0
ORD0933,2026-04-20,East,564.97,False,0.0
ORD0934,2026-02-22,South,934.74,False,0.0
ORD0935,2025-12-13,West,649.71,False,0.0
ORD0936,2026-06-13,South,793.78,True,5.0
ORD0937,2025-06-28,South,544.25,False,0.0
ORD0938,2025-07-01,West,651.02,False,0.0
ORD0939,2025-01-25,North,689.64,False,0.0
ORD0940,2025-06-29,East,479.57,False,0.0
ORD0941,2026-05-16,South,735.91,False,0.0
ORD0942,2025-06-10,South,519.75,True,25.0
ORD0943,2025-06-26,North,425.64,False,0.0
ORD0944,2025-10-12,South,631.88,False,0.0
ORD0945,2025-03-04,East,550.0,False,0.0
ORD0946,2025-06-05,North,645.46,True,25.0
ORD0947,2026-04-14,North,760.94,False,0.0
ORD0948,2025-02-18,North,603.02,False,0.0
ORD0949,2025-03-25,East,689.95,True,15.0
ORD0950,2025-12-27,South,908.16,False,0.0
ORD0951,2025-05-28,North,728.66,False,0.0
ORD0952,2025-12-08,East,645.0,False,0.0
ORD0953,2026-04-21,South,999.74,False,0.0
ORD0954,2025-03-04,West,496.09,False,0.0
ORD0955,2025-12-26,West,681.26,False,0.0
ORD0956,2026-07-15,East,664.52,False,0.0
ORD0957,2025-11-23,East,460.9,False,0.0
ORD0958,2025-05-21,North,783.01,False,0.0
ORD0959,2025-08-03,East,479.64,False,0.0
ORD0960,2026-03-11,West,611.74,False,0.0
ORD0961,2025-11-14,South,638.45,False,0.0
ORD0962,2025-02-01,East,544.67,False,0.0
ORD0963,2025-10-12,West,519.43,False,0.0
ORD0964,2025-11-01,East,499.62,True,5.0
ORD0965,2026-03-05,West,609.39,False,0.0
ORD0966,2026-04-22,South,841.18,False,0.0
ORD0967,2025-10-13,East,498.82,False,0.0
ORD0968,2025-05-24,East,547.6,False,0.0
ORD0969,2026-02-28,East,757.99,False,0.0
ORD0970,2025-01-19,North,461.69,True,20.0
ORD0971,2025-01-18,North,576.77,True,20.0
ORD0972,2026-08-13,North,737.1,False,0.0
ORD0973,2026-01-06,North,588.69,False,0.0
ORD0974,2025-06-24,North,509.97,False,0.0
ORD0975,2025-07-13,North,733.75,False,0.0
ORD0976,2026-05-17,East,655.52,False,0.0
ORD0977,2025-04-23,East,600.26,False,0.0
ORD0978,2025-04-24,West,732.82,False,0.0
ORD0979,2025-08-10,West,472.29,False,0.0
ORD0980,2025-09-21,East,506.95,False,0.0
ORD0981,2025-02-24,East,548.46,False,0.0
ORD0982,2026-04-03,North,979.22,True,5.0
ORD0983,2025-06-11,South,724.45,True,25.0
ORD0984,2026-01-15,South,893.02,True,5.0
ORD0985,2025-03-28,South,818.0,False,0.0
ORD0986,2025-02-24,East,512.15,False,0.0
ORD0987,2026-04-21,West,1135.17,False,0.0
ORD0988,2025-06-27,North,519.14,False,0.0
ORD0989,2026-01-26,East,466.7,True,15.0
ORD0990,2025-12-15,East,381.08,False,0.0
ORD0991,2025-01-08,West,537.6,True,25.0
ORD0992,2025-11-09,North,411.17,True,20.0
ORD0993,2026-03-19,South,793.54,False,0.0
ORD0994,2025-11-24,South,696.31,False,0.0
ORD0995,2025-02-23,West,674.1,False,0.0
ORD0996,2025-08-27,South,602.61,False,0.0
ORD0997,2025-08-17,East,442.46,True,25.0
ORD0998,2026-08-02,North,631.36,False,0.0
ORD0999,2025-02-20,North,638.91,False,0.0
ORD1000,2025-09-21,West,496.2,False,0.0
