Order ID,Order Date,Region,Sales
ORD101488,2024-01-01,Africa,3971.33
ORD101409,2024-01-02,Europe,6044.86
ORD101482,2024-01-02,Europe,4387.68
ORD101949,2024-01-02,Australia,4197.03
ORD101996,2024-01-02,Asia,6100.83
ORD101622,2024-01-03,Australia,5844.89
ORD101739,2024-01-03,South America,3150.31
ORD101913,2024-01-03,Asia,5345.28
ORD100381,2024-01-04,Asia,4466.42
ORD100773,2024-01-04,Asia,4020.52
ORD100846,2024-01-04,Asia,4214.31
ORD100901,2024-01-04,Asia,3367.17
ORD101237,2024-01-04,North America,5933.31
ORD101294,2024-01-04,Europe,5111.64
ORD101550,2024-01-04,Europe,5155.2
ORD100465,2024-01-05,South America,3337.69
ORD100845,2024-01-05,North America,5869.61
ORD100104,2024-01-06,Africa,3116.85
ORD100575,2024-01-06,North America,5851.87
ORD100707,2024-01-06,North America,3240.13
ORD101190,2024-01-06,Australia,2808.02
ORD101279,2024-01-06,Africa,3252.52
ORD101175,2024-01-07,Europe,6244.09
ORD101532,2024-01-07,Asia,5487.35
ORD101807,2024-01-07,Europe,4538.49
ORD100303,2024-01-08,South America,4150.16
ORD101070,2024-01-08,Asia,4629.08
ORD101763,2024-01-08,North America,5725.62
ORD100790,2024-01-09,North America,6561.52
ORD100801,2024-01-09,Asia,3848.75
ORD101682,2024-01-10,Africa,2537.31
ORD100410,2024-01-11,South America,5301.05
ORD100839,2024-01-11,South America,2245.35
ORD101038,2024-01-11,North America,2923.25
ORD101121,2024-01-11,Europe,3902.42
ORD100889,2024-01-12,Africa,4034.86
ORD101366,2024-01-13,South America,5290.99
ORD101624,2024-01-13,Australia,4292.8
ORD100415,2024-01-14,North America,5458.57
ORD100478,2024-01-14,Australia,1502.86
ORD101594,2024-01-14,North America,4856.12
ORD101652,2024-01-14,Europe,4219.76
ORD100233,2024-01-15,North America,5695.68
ORD100300,2024-01-16,Europe,3215.03
ORD100540,2024-01-16,Asia,5619.01
ORD101529,2024-01-16,Africa,2955.17
ORD100170,2024-01-17,North America,6337.4
ORD100272,2024-01-17,Europe,5152.51
ORD100369,2024-01-17,North America,8201.98
ORD101167,2024-01-17,Africa,2815.48
ORD101744,2024-01-17,South America,3985.11
ORD100821,2024-01-18,Australia,4727.49
ORD101783,2024-01-18,Asia,6270.26
ORD100429,2024-01-19,South America,1322.71
ORD100454,2024-01-19,Australia,3874.42
ORD101180,2024-01-19,Australia,3198.08
ORD101399,2024-01-19,North America,3464.62
ORD100830,2024-01-22,Asia,4664.87
ORD101300,2024-01-22,South America,2631.32
ORD101493,2024-01-22,North America,6259.29
ORD101590,2024-01-22,Europe,4422.41
ORD101944,2024-01-22,North America,6564.23
ORD100138,2024-01-23,Europe,5706.45
ORD101536,2024-01-23,Asia,7221.71
ORD101869,2024-01-23,Australia,4492.6
ORD100385,2024-01-24,Australia,3168.37
ORD100787,2024-01-24,Europe,4961.74
ORD100147,2024-01-26,South America,4656.41
ORD100663,2024-01-26,South America,6112.68
ORD101683,2024-01-26,North America,7615.35
ORD100844,2024-01-27,Australia,2910.18
ORD100970,2024-01-27,Asia,2467.13
ORD101446,2024-01-27,Asia,3731.18
ORD101909,2024-01-27,Australia,2804.97
ORD100117,2024-01-28,North America,7272.7
ORD100328,2024-01-28,Asia,4429.37
ORD101266,2024-01-28,North America,2228.51
ORD100870,2024-01-30,Africa,2814.65
ORD101240,2024-01-30,Asia,4388.68
ORD100250,2024-01-31,Australia,3122.44
ORD100902,2024-01-31,North America,7283.68
ORD101019,2024-01-31,Asia,7170.17
ORD101099,2024-01-31,North America,4527.85
ORD101452,2024-01-31,South America,4328.05
ORD100562,2024-02-01,Asia,6034.74
ORD100817,2024-02-01,South America,4909.74
ORD101871,2024-02-01,Asia,5472.69
ORD100056,2024-02-02,South America,3823.76
ORD100352,2024-02-02,Africa,2377.97
ORD100397,2024-02-02,Asia,3985.44
ORD100811,2024-02-02,North America,6119.91
ORD101110,2024-02-02,North America,5154.35
ORD101806,2024-02-03,Europe,5647.48
ORD101463,2024-02-04,North America,5564.43
ORD101526,2024-02-04,North America,4361.7
ORD101781,2024-02-04,North America,3914.55
ORD101270,2024-02-05,Africa,3454.11
ORD101286,2024-02-05,North America,7703.02
ORD101518,2024-02-05,North America,4080.86
ORD100574,2024-02-06,Africa,2847.77
ORD100699,2024-02-06,Australia,5200.14
ORD101642,2024-02-06,South America,4652.85
ORD101976,2024-02-06,Africa,2569.08
ORD100584,2024-02-07,Europe,5175.04
ORD100848,2024-02-07,Asia,4751.63
ORD101453,2024-02-07,Asia,3841.96
ORD101464,2024-02-07,Asia,4379.44
ORD101653,2024-02-07,Africa,3392.8
ORD100887,2024-02-08,North America,4762.75
ORD100546,2024-02-09,Europe,6065.69
ORD100898,2024-02-09,Europe,3353.87
ORD101983,2024-02-09,North America,5348.96
ORD100542,2024-02-10,Europe,2913.89
ORD101021,2024-02-10,South America,3189.01
ORD101026,2024-02-10,Europe,3789.92
ORD101267,2024-02-10,South America,3920.84
ORD100858,2024-02-11,Europe,3985.77
ORD101801,2024-02-11,Australia,1453.15
ORD101979,2024-02-11,South America,4104.47
ORD100150,2024-02-12,Africa,3192.75
ORD101136,2024-02-12,Asia,4186.83
ORD100619,2024-02-14,Australia,2606.32
ORD101351,2024-02-14,North America,4524.79
ORD101411,2024-02-14,South America,3111.32
ORD101470,2024-02-14,Europe,3716.94
ORD101615,2024-02-14,Europe,6200.77
ORD101889,2024-02-14,North America,4221.11
ORD100036,2024-02-16,Asia,6745.81
ORD100279,2024-02-17,Africa,2948.33
ORD101456,2024-02-17,Asia,2338.69
ORD100518,2024-02-18,Australia,2173.21
ORD101035,2024-02-18,North America,3679.33
ORD100045,2024-02-19,North America,5017.94
ORD100387,2024-02-19,South America,4380.08
ORD101362,2024-02-19,North America,5308.88
ORD101769,2024-02-19,Africa,2588.52
ORD100899,2024-02-21,North America,8320.86
ORD100659,2024-02-22,Europe,6335.35
ORD101022,2024-02-22,North America,5237.8
ORD101834,2024-02-22,Africa,2169.08
ORD101953,2024-02-22,North America,4692.19
ORD101215,2024-02-24,Australia,6077.92
ORD101253,2024-02-24,Europe,5095.02
ORD101911,2024-02-24,South America,2451.73
ORD100069,2024-02-25,North America,6201.28
ORD101027,2024-02-26,Africa,2303.74
ORD101055,2024-02-26,Europe,5166.62
ORD100127,2024-02-27,Asia,3919.79
ORD100217,2024-02-27,Europe,4908.02
ORD101588,2024-02-27,North America,3662.11
ORD101096,2024-02-28,Europe,4382.42
ORD101571,2024-02-28,North America,6360.35
ORD100439,2024-02-29,Australia,2222.39
ORD101851,2024-02-29,Europe,5003.36
ORD100280,2024-03-01,Asia,5147.79
ORD101361,2024-03-01,Africa,4076.32
ORD100246,2024-03-02,Europe,5407.72
ORD100431,2024-03-02,Australia,2886.27
ORD100678,2024-03-02,Asia,5076.72
ORD101122,2024-03-02,North America,6032.97
ORD101328,2024-03-02,North America,5624.88
ORD100007,2024-03-03,Australia,3080.21
ORD100881,2024-03-03,Asia,4004.42
ORD101256,2024-03-03,Asia,3424.0
ORD100753,2024-03-04,Africa,3224.93
ORD100196,2024-03-05,North America,4142.73
ORD100728,2024-03-05,Africa,3012.5
ORD101543,2024-03-05,Europe,5260.22
ORD101721,2024-03-05,Asia,3760.53
ORD100001,2024-03-06,North America,6738.1
ORD100172,2024-03-06,South America,3528.72
ORD100695,2024-03-06,South America,2666.51
ORD101531,2024-03-06,Asia,3557.16
ORD101809,2024-03-06,North America,5036.99
ORD101931,2024-03-06,Asia,4912.08
ORD100133,2024-03-07,North America,5206.02
ORD100359,2024-03-07,South America,3879.56
ORD100826,2024-03-07,North America,5778.08
ORD101633,2024-03-07,Africa,3099.21
ORD100033,2024-03-08,Asia,2373.66
ORD100910,2024-03-08,Africa,3248.67
ORD100010,2024-03-09,Asia,4329.44
ORD100581,2024-03-09,Africa,3903.61
ORD100951,2024-03-09,Australia,5249.47
ORD101690,2024-03-09,Asia,4381.22
ORD100243,2024-03-10,Europe,2331.46
ORD100376,2024-03-10,North America,3730.95
ORD100674,2024-03-10,North America,2800.84
ORD100700,2024-03-10,South America,2941.98
ORD100791,2024-03-10,South America,4518.52
ORD100977,2024-03-10,Asia,2498.02
ORD100218,2024-03-11,Asia,4625.66
ORD101842,2024-03-11,Asia,4014.62
ORD100087,2024-03-12,South America,1538.91
ORD100588,2024-03-13,Asia,3424.25
ORD101738,2024-03-13,Asia,1216.87
ORD101788,2024-03-13,Asia,994.28
ORD100891,2024-03-14,North America,4893.19
ORD101880,2024-03-14,North America,5174.62
ORD100580,2024-03-15,Africa,2474.48
ORD101289,2024-03-15,North America,5989.9
ORD101436,2024-03-15,Australia,3750.15
ORD100258,2024-03-16,Africa,1805.48
ORD101359,2024-03-16,Australia,2181.35
ORD101450,2024-03-16,Asia,4871.68
ORD100516,2024-03-17,Europe,3906.67
ORD101166,2024-03-17,Europe,5161.93
ORD101730,2024-03-17,Africa,3476.26
ORD101827,2024-03-17,Asia,3642.23
ORD100171,2024-03-18,Europe,5955.81
ORD100460,2024-03-18,Europe,3575.17
ORD100818,2024-03-18,Asia,3960.44
ORD101855,2024-03-18,South America,3612.01
ORD100322,2024-03-19,Asia,3854.07
ORD100583,2024-03-19,Europe,4207.83
ORD101227,2024-03-19,South America,4059.66
ORD100310,2024-03-20,Australia,4183.42
ORD100480,2024-03-20,Asia,4455.81
ORD101272,2024-03-20,Asia,5973.03
ORD100808,2024-03-21,Asia,2388.66
ORD101538,2024-03-21,Europe,4983.74
ORD101816,2024-03-21,Asia,3035.0
ORD101466,2024-03-22,South America,2577.82
ORD101484,2024-03-22,Europe,6191.97
ORD101489,2024-03-22,North America,6314.34
ORD101867,2024-03-22,Europe,4051.2
ORD101579,2024-03-23,North America,4953.44
ORD100120,2024-03-24,Africa,2241.03
ORD100501,2024-03-24,South America,3708.01
ORD100873,2024-03-24,Australia,1033.34
ORD101216,2024-03-24,North America,5030.81
ORD101321,2024-03-24,North America,2526.04
ORD100365,2024-03-25,Asia,4226.65
ORD100538,2024-03-25,South America,2042.34
ORD101020,2024-03-25,Europe,4514.74
ORD100726,2024-03-26,North America,3879.5
ORD100198,2024-03-27,South America,4273.77
ORD100313,2024-03-27,Asia,4705.7
ORD100497,2024-03-27,Africa,3665.71
ORD100778,2024-03-27,Asia,4866.42
ORD101946,2024-03-27,Europe,5273.62
ORD100724,2024-03-28,Asia,4019.65
ORD100863,2024-03-28,Australia,3713.01
ORD100946,2024-03-28,Australia,2478.41
ORD101050,2024-03-28,Europe,4139.5
ORD101157,2024-03-28,North America,6298.76
ORD101343,2024-03-28,South America,3210.01
ORD101619,2024-03-29,Africa,2430.87
ORD101876,2024-03-29,North America,4372.35
ORD100386,2024-03-30,North America,6852.96
ORD100418,2024-03-30,Asia,4378.19
ORD100783,2024-03-30,Europe,3491.44
ORD100784,2024-03-30,North America,6319.88
ORD100436,2024-03-31,Australia,4230.99
ORD101238,2024-03-31,Europe,5967.24
ORD101605,2024-03-31,North America,5637.84
ORD100874,2024-04-01,Australia,2991.72
ORD101928,2024-04-01,Asia,2378.47
ORD100157,2024-04-02,North America,6611.46
ORD101610,2024-04-02,Europe,2213.6
ORD101630,2024-04-02,Europe,5010.2
ORD100018,2024-04-03,Africa,2017.47
ORD100221,2024-04-03,North America,5004.86
ORD100759,2024-04-03,Australia,3806.52
ORD101005,2024-04-03,North America,5883.92
ORD101805,2024-04-03,North America,6510.15
ORD100074,2024-04-04,Australia,1744.74
ORD100705,2024-04-04,Asia,5909.0
ORD100945,2024-04-04,Africa,3268.43
ORD100434,2024-04-05,North America,5243.69
ORD101776,2024-04-05,Europe,3560.91
ORD100414,2024-04-06,Australia,4180.24
ORD100443,2024-04-06,North America,4314.39
ORD100670,2024-04-06,Africa,1832.8
ORD101645,2024-04-06,Europe,1459.42
ORD101926,2024-04-06,Asia,3663.04
ORD100604,2024-04-08,Africa,3787.52
ORD100948,2024-04-08,Australia,3366.36
ORD101358,2024-04-08,Asia,3768.01
ORD101819,2024-04-08,Asia,4601.39
ORD101895,2024-04-08,Australia,3631.86
ORD100823,2024-04-09,Asia,3701.94
ORD100682,2024-04-10,Africa,1443.71
ORD101342,2024-04-10,North America,5773.26
ORD101836,2024-04-10,Asia,2496.28
ORD100721,2024-04-11,North America,6247.0
ORD101528,2024-04-11,Australia,4316.81
ORD100100,2024-04-12,North America,3409.84
ORD100118,2024-04-12,Africa,3836.52
ORD100241,2024-04-12,Africa,3033.02
ORD100306,2024-04-12,Australia,4892.8
ORD100462,2024-04-12,Asia,5002.88
ORD100620,2024-04-12,North America,6705.23
ORD100769,2024-04-12,North America,3901.93
ORD101445,2024-04-12,Asia,4140.66
ORD100329,2024-04-13,Europe,3193.27
ORD101090,2024-04-13,Asia,2666.65
ORD100834,2024-04-14,North America,6546.36
ORD101187,2024-04-14,Africa,2383.8
ORD101963,2024-04-14,North America,5068.54
ORD100256,2024-04-15,Africa,2699.86
ORD100408,2024-04-15,North America,4693.06
ORD100528,2024-04-15,Asia,4422.59
ORD101063,2024-04-15,Asia,3482.74
ORD101612,2024-04-15,Africa,3474.36
ORD100522,2024-04-16,Asia,6060.01
ORD100924,2024-04-16,Europe,3119.88
ORD101935,2024-04-17,South America,3264.74
ORD100457,2024-04-18,North America,4456.22
ORD100752,2024-04-18,North America,3670.95
ORD100938,2024-04-18,Asia,4321.11
ORD100975,2024-04-18,North America,3674.34
ORD101575,2024-04-18,Asia,3086.31
ORD101607,2024-04-18,Asia,5131.43
ORD101524,2024-04-19,Asia,3551.31
ORD101677,2024-04-19,Asia,3779.74
ORD101698,2024-04-19,North America,2637.57
ORD100273,2024-04-20,Europe,4158.42
ORD100357,2024-04-20,Asia,3061.68
ORD101104,2024-04-20,Australia,6301.14
ORD101481,2024-04-20,Asia,3394.56
ORD100182,2024-04-21,North America,5618.3
ORD101970,2024-04-21,North America,5237.52
ORD100058,2024-04-22,North America,6132.9
ORD100390,2024-04-22,North America,5440.99
ORD100536,2024-04-22,Asia,6010.98
ORD100961,2024-04-22,Asia,3028.16
ORD101046,2024-04-22,North America,6283.75
ORD101229,2024-04-22,North America,3266.53
ORD101537,2024-04-22,South America,2776.46
ORD100533,2024-04-23,Asia,6784.93
ORD100884,2024-04-23,South America,3536.69
ORD101406,2024-04-23,Europe,4637.4
ORD100847,2024-04-24,Europe,2171.14
ORD101655,2024-04-24,Asia,6107.93
ORD101947,2024-04-24,Europe,3184.59
ORD100750,2024-04-25,Asia,4464.68
ORD100937,2024-04-25,Asia,4977.68
ORD101695,2024-04-26,Africa,3661.15
ORD100083,2024-04-27,Australia,3281.15
ORD100178,2024-04-27,Europe,4902.83
ORD100287,2024-04-27,Europe,5890.36
ORD101854,2024-04-27,Europe,2901.09
ORD101908,2024-04-27,North America,5472.95
ORD101487,2024-04-28,South America,4969.05
ORD101556,2024-04-28,South America,4031.06
ORD101076,2024-04-29,Asia,3291.02
ORD101778,2024-04-29,Asia,4813.44
ORD101936,2024-04-29,Asia,6892.78
ORD100041,2024-04-30,North America,4349.65
ORD100350,2024-04-30,North America,4388.76
ORD100623,2024-04-30,Africa,2787.71
ORD101596,2024-04-30,Australia,3131.06
ORD101637,2024-04-30,Asia,4836.9
ORD101850,2024-04-30,Europe,3504.93
ORD101941,2024-04-30,Australia,2590.68
ORD100187,2024-05-01,Europe,2991.62
ORD100467,2024-05-01,Asia,3704.81
ORD100532,2024-05-01,North America,5915.55
ORD101078,2024-05-01,North America,5726.49
ORD100168,2024-05-02,Asia,3076.72
ORD100703,2024-05-02,Europe,2937.52
ORD100685,2024-05-03,North America,4178.84
ORD100262,2024-05-04,Europe,4450.85
ORD101193,2024-05-04,South America,3511.05
ORD100704,2024-05-05,Asia,3982.64
ORD101433,2024-05-05,Asia,5466.36
ORD100908,2024-05-06,North America,3186.73
ORD101032,2024-05-06,Asia,4011.68
ORD101616,2024-05-06,Asia,4464.53
ORD100411,2024-05-07,Africa,3656.99
ORD100544,2024-05-07,North America,2087.8
ORD100259,2024-05-08,Asia,3310.51
ORD100761,2024-05-08,Europe,2896.9
ORD100230,2024-05-09,North America,6007.78
ORD100661,2024-05-09,North America,5852.49
ORD101174,2024-05-09,North America,1678.5
ORD101405,2024-05-09,Africa,2604.43
ORD101883,2024-05-09,Asia,1461.59
ORD101702,2024-05-10,Asia,4677.14
ORD100251,2024-05-11,North America,6022.52
ORD100392,2024-05-11,Africa,3764.49
ORD101886,2024-05-11,North America,6045.39
ORD100349,2024-05-12,Europe,5589.96
ORD100469,2024-05-12,South America,4431.54
ORD100564,2024-05-12,Australia,4995.8
ORD101106,2024-05-12,South America,2901.27
ORD100023,2024-05-13,Australia,2788.22
ORD100635,2024-05-13,Australia,2600.14
ORD101639,2024-05-13,Africa,4379.42
ORD101929,2024-05-13,Europe,5366.73
ORD100912,2024-05-14,North America,5325.21
ORD101432,2024-05-15,South America,1396.1
ORD101663,2024-05-15,Europe,5718.89
ORD101798,2024-05-15,Europe,4398.99
ORD101891,2024-05-15,North America,4347.06
ORD101345,2024-05-16,South America,3358.59
ORD101960,2024-05-16,Australia,2696.47
ORD100253,2024-05-17,North America,3208.28
ORD101326,2024-05-17,Australia,5550.16
ORD101534,2024-05-17,North America,5182.48
ORD100072,2024-05-18,Asia,3980.51
ORD101651,2024-05-18,Australia,5306.57
ORD101523,2024-05-19,Europe,7780.32
ORD100523,2024-05-20,Africa,2289.27
ORD101113,2024-05-20,North America,4982.57
ORD101178,2024-05-20,Africa,3469.37
ORD100888,2024-05-21,North America,6596.02
ORD100052,2024-05-22,North America,3276.09
ORD100543,2024-05-22,Europe,5386.64
ORD101115,2024-05-22,North America,4375.63
ORD100398,2024-05-23,Australia,3920.74
ORD100993,2024-05-23,Europe,5744.2
ORD101770,2024-05-23,Australia,1920.65
ORD100838,2024-05-24,Asia,3770.89
ORD101787,2024-05-24,South America,3756.03
ORD101704,2024-05-25,Africa,359.32
ORD100102,2024-05-26,Europe,6005.96
ORD100426,2024-05-26,Europe,3286.78
ORD101085,2024-05-26,South America,4575.29
ORD100009,2024-05-27,South America,4875.28
ORD100224,2024-05-27,Asia,7516.8
ORD100653,2024-05-27,Europe,7217.65
ORD100664,2024-05-27,North America,4577.48
ORD100872,2024-05-27,Asia,5483.43
ORD101364,2024-05-27,Africa,2780.41
ORD101796,2024-05-27,Asia,4691.12
ORD100339,2024-05-28,Africa,2725.96
ORD101740,2024-05-29,Asia,4972.1
ORD101474,2024-05-31,Asia,3657.96
ORD101872,2024-05-31,Asia,3743.83
ORD101940,2024-05-31,North America,3231.79
ORD100735,2024-06-01,Africa,2075.53
ORD101072,2024-06-01,Asia,6021.46
ORD101745,2024-06-02,Europe,5629.0
ORD101989,2024-06-02,North America,6405.48
ORD101988,2024-06-03,Asia,3893.68
ORD101710,2024-06-04,Asia,5360.63
ORD100142,2024-06-05,South America,4877.76
ORD101395,2024-06-06,Asia,4868.3
ORD101582,2024-06-07,Africa,3076.69
ORD100964,2024-06-08,North America,3208.01
ORD100903,2024-06-09,Africa,3236.72
ORD101355,2024-06-09,Europe,3724.07
ORD101257,2024-06-11,Australia,6216.87
ORD101839,2024-06-11,Europe,1186.51
ORD100363,2024-06-12,Asia,5046.93
ORD100976,2024-06-13,North America,3684.89
ORD100078,2024-06-14,Asia,7141.17
ORD100032,2024-06-15,South America,3628.55
ORD100567,2024-06-15,North America,6065.87
ORD101512,2024-06-15,Europe,4730.48
ORD100412,2024-06-16,Australia,2296.66
ORD101503,2024-06-16,Australia,4825.88
ORD100326,2024-06-17,Africa,2263.69
ORD101479,2024-06-17,Europe,4425.92
ORD101545,2024-06-17,Asia,3677.98
ORD101656,2024-06-18,Australia,2036.35
ORD100486,2024-06-19,North America,5398.89
ORD100626,2024-06-19,South America,4185.85
ORD101112,2024-06-19,Asia,3140.99
ORD101291,2024-06-19,Australia,2597.81
ORD101877,2024-06-19,Europe,4515.25
ORD100148,2024-06-20,Africa,2608.21
ORD101288,2024-06-20,South America,5235.96
ORD101386,2024-06-20,South America,2644.73
ORD101817,2024-06-20,Europe,2347.91
ORD100327,2024-06-21,Europe,4165.39
ORD100637,2024-06-21,Europe,5695.91
ORD100719,2024-06-21,South America,3858.75
ORD101609,2024-06-21,South America,3874.51
ORD100510,2024-06-22,South America,3664.49
ORD100566,2024-06-22,Asia,4021.34
ORD101308,2024-06-22,Asia,4337.49
ORD100189,2024-06-23,North America,5470.11
ORD100854,2024-06-23,South America,3267.97
ORD101265,2024-06-23,Asia,2326.17
ORD100097,2024-06-24,North America,5597.42
ORD100593,2024-06-24,Australia,5612.48
ORD101047,2024-06-24,Asia,5233.38
ORD100384,2024-06-25,Australia,3723.4
ORD100832,2024-06-25,Australia,3828.97
ORD101251,2024-06-25,Asia,7136.41
ORD101402,2024-06-25,Africa,3484.96
ORD101542,2024-06-25,Asia,3483.27
ORD101506,2024-06-26,North America,3165.0
ORD100315,2024-06-27,North America,3234.59
ORD101107,2024-06-27,South America,3424.85
ORD101124,2024-06-27,North America,6460.63
ORD101709,2024-06-27,North America,4306.68
ORD101786,2024-06-27,South America,3889.68
ORD101811,2024-06-27,North America,5085.89
ORD101906,2024-06-27,Asia,5745.31
ORD100119,2024-06-28,Europe,3396.7
ORD100831,2024-06-28,Asia,5010.75
ORD100857,2024-06-28,North America,4482.38
ORD101013,2024-06-28,North America,5126.34
ORD101454,2024-06-28,Africa,2761.99
ORD101892,2024-06-28,Australia,4727.82
ORD100989,2024-06-29,Australia,3554.79
ORD101515,2024-06-29,Europe,4624.89
ORD100508,2024-06-30,Asia,6686.64
ORD100925,2024-06-30,North America,5215.05
ORD101563,2024-06-30,South America,2215.96
ORD101904,2024-06-30,Australia,1699.93
ORD100568,2024-07-01,North America,4845.42
ORD100617,2024-07-01,North America,6027.65
ORD100483,2024-07-02,Asia,4378.9
ORD101413,2024-07-02,Europe,5061.7
ORD101818,2024-07-03,Asia,5343.14
ORD100696,2024-07-04,Asia,5777.24
ORD101562,2024-07-04,South America,3926.05
ORD101660,2024-07-04,North America,5549.54
ORD101852,2024-07-04,Asia,4381.84
ORD101942,2024-07-04,North America,3684.12
ORD100919,2024-07-05,Asia,3406.62
ORD101307,2024-07-05,Asia,5071.51
ORD101425,2024-07-05,Australia,3504.03
ORD100346,2024-07-06,Asia,3377.36
ORD100933,2024-07-07,South America,2498.71
ORD101179,2024-07-08,Europe,5319.37
ORD101804,2024-07-08,Asia,3359.5
ORD100211,2024-07-09,South America,3857.23
ORD101502,2024-07-09,South America,5523.21
ORD100380,2024-07-10,Europe,4375.66
ORD100209,2024-07-11,Europe,8504.91
ORD101297,2024-07-11,South America,4512.16
ORD101459,2024-07-11,Europe,6249.86
ORD101621,2024-07-12,Africa,3301.02
ORD101701,2024-07-12,South America,2412.79
ORD101882,2024-07-12,North America,5454.54
ORD100206,2024-07-13,North America,5982.5
ORD100618,2024-07-13,Asia,3405.81
ORD101261,2024-07-13,South America,2588.66
ORD100292,2024-07-14,South America,3857.12
ORD101429,2024-07-14,Asia,4708.15
ORD101673,2024-07-14,Europe,4844.26
ORD100509,2024-07-15,North America,5267.72
ORD101011,2024-07-15,North America,6223.61
ORD101123,2024-07-15,Europe,5083.94
ORD100744,2024-07-16,Australia,2756.45
ORD100890,2024-07-16,Asia,4223.24
ORD100779,2024-07-17,Europe,5460.64
ORD100216,2024-07-18,Asia,6439.17
ORD101640,2024-07-18,North America,5653.36
ORD100505,2024-07-19,Africa,3084.14
ORD101322,2024-07-19,North America,4048.98
ORD101491,2024-07-19,Australia,3140.32
ORD100281,2024-07-20,Europe,3279.57
ORD100039,2024-07-21,Asia,4235.82
ORD100111,2024-07-21,North America,4483.29
ORD100143,2024-07-21,Africa,2279.97
ORD100950,2024-07-22,Australia,4253.5
ORD101192,2024-07-22,Asia,5199.2
ORD101794,2024-07-22,Australia,3548.88
ORD100413,2024-07-23,Africa,2804.81
ORD100152,2024-07-24,Africa,2604.51
ORD100314,2024-07-24,North America,3971.41
ORD100399,2024-07-24,Asia,4258.25
ORD101028,2024-07-24,Europe,6286.67
ORD101551,2024-07-24,Asia,4576.18
ORD101999,2024-07-24,Australia,2904.85
ORD102000,2024-07-24,North America,7720.96
ORD100573,2024-07-25,Asia,6284.33
ORD101917,2024-07-25,Europe,4631.62
ORD100814,2024-07-26,Europe,2453.22
ORD101382,2024-07-26,Europe,4563.06
ORD101410,2024-07-26,Australia,3811.43
ORD100299,2024-07-27,South America,5121.95
ORD100534,2024-07-27,South America,4973.36
ORD101209,2024-07-27,North America,10229.09
ORD100450,2024-07-28,North America,7934.92
ORD101993,2024-07-28,Europe,6045.86
ORD100096,2024-07-29,Europe,3516.86
ORD100481,2024-07-29,Europe,4138.82
ORD100660,2024-07-29,North America,7822.24
ORD100855,2024-07-29,Africa,3035.8
ORD101230,2024-07-29,South America,4137.52
ORD100495,2024-07-30,Europe,5276.32
ORD100841,2024-07-30,North America,5995.11
ORD101483,2024-07-30,North America,3937.86
ORD100342,2024-07-31,Africa,1389.87
ORD101561,2024-07-31,Asia,3132.34
ORD101114,2024-08-01,Asia,4101.02
ORD100154,2024-08-02,North America,3508.52
ORD101451,2024-08-02,South America,2902.45
ORD100271,2024-08-03,Australia,5106.11
ORD100796,2024-08-03,Europe,4963.33
ORD101646,2024-08-03,Africa,2599.22
ORD101820,2024-08-03,Australia,4451.75
ORD100419,2024-08-04,Africa,3353.07
ORD101338,2024-08-04,Europe,2962.63
ORD101581,2024-08-04,North America,4109.91
ORD101862,2024-08-04,Asia,5674.08
ORD101907,2024-08-04,Australia,4340.72
ORD100638,2024-08-05,Australia,4692.47
ORD101239,2024-08-05,Europe,5381.88
ORD100353,2024-08-06,Europe,5899.72
ORD100971,2024-08-06,Europe,4302.4
ORD101316,2024-08-06,Europe,3792.01
ORD101400,2024-08-06,Asia,6140.39
ORD100263,2024-08-07,Europe,5963.42
ORD100442,2024-08-07,North America,5187.94
ORD101403,2024-08-07,South America,2738.18
ORD100190,2024-08-08,South America,4293.15
ORD100307,2024-08-08,Asia,2913.48
ORD100802,2024-08-08,Asia,4385.48
ORD100928,2024-08-08,South America,2375.61
ORD101367,2024-08-08,Europe,4357.61
ORD101476,2024-08-08,North America,5119.23
ORD101601,2024-08-08,Europe,2669.42
ORD101823,2024-08-08,North America,4313.51
ORD100136,2024-08-10,Europe,7274.8
ORD100952,2024-08-10,North America,4099.78
ORD101155,2024-08-10,Asia,2233.64
ORD101838,2024-08-10,Europe,4857.61
ORD100226,2024-08-11,Africa,1776.13
ORD101105,2024-08-11,Asia,4278.81
ORD101391,2024-08-11,Asia,4440.23
ORD101186,2024-08-12,North America,4171.52
ORD101779,2024-08-12,Europe,3877.56
ORD100239,2024-08-13,North America,6202.62
ORD100333,2024-08-14,Asia,4775.75
ORD100400,2024-08-14,Europe,2171.38
ORD100526,2024-08-14,North America,4868.37
ORD101060,2024-08-15,North America,4756.03
ORD100088,2024-08-16,South America,2364.81
ORD100749,2024-08-16,Asia,4976.1
ORD101462,2024-08-16,South America,2428.8
ORD101821,2024-08-16,Europe,2758.81
ORD100447,2024-08-17,Australia,3596.32
ORD100748,2024-08-17,Asia,3537.56
ORD101014,2024-08-17,Asia,5874.73
ORD101034,2024-08-17,Europe,3318.73
ORD100309,2024-08-18,North America,3958.48
ORD100368,2024-08-18,North America,6001.17
ORD100799,2024-08-18,Asia,5144.43
ORD100338,2024-08-19,Asia,5602.07
ORD100968,2024-08-19,Africa,3539.55
ORD100988,2024-08-19,South America,3925.67
ORD101177,2024-08-19,Europe,4638.43
ORD101604,2024-08-19,South America,2678.13
ORD100525,2024-08-20,South America,2649.29
ORD100554,2024-08-20,Europe,5543.99
ORD101576,2024-08-20,Asia,3195.83
ORD101586,2024-08-20,Asia,3952.16
ORD101435,2024-08-21,South America,3419.4
ORD101439,2024-08-21,Asia,3589.78
ORD101527,2024-08-21,Australia,4131.63
ORD101756,2024-08-21,Africa,2836.2
ORD100167,2024-08-22,Africa,3496.71
ORD100321,2024-08-22,Asia,5463.22
ORD100403,2024-08-22,Australia,3592.74
ORD100595,2024-08-22,Africa,1888.19
ORD101404,2024-08-23,Africa,3127.34
ORD101504,2024-08-23,Africa,2644.75
ORD101950,2024-08-23,Africa,2472.21
ORD100607,2024-08-24,Australia,3010.93
ORD101249,2024-08-25,Europe,4702.03
ORD101388,2024-08-25,North America,4157.71
ORD100066,2024-08-26,Australia,4794.84
ORD100632,2024-08-27,Africa,4160.27
ORD100646,2024-08-28,Asia,4971.32
ORD101095,2024-08-28,Australia,4593.1
ORD101915,2024-08-28,Asia,5059.26
ORD100077,2024-08-29,Asia,5190.52
ORD100254,2024-08-29,Asia,3118.76
ORD101514,2024-08-29,North America,5817.71
ORD100294,2024-08-30,Europe,3422.03
ORD101145,2024-08-30,Europe,3980.58
ORD101777,2024-08-30,Asia,4964.28
ORD100738,2024-08-31,North America,5910.36
ORD101069,2024-08-31,Europe,5753.04
ORD101494,2024-08-31,Australia,4086.35
ORD101511,2024-08-31,Asia,3071.6
ORD101905,2024-08-31,Europe,3288.83
ORD100169,2024-09-01,Africa,2561.32
ORD100487,2024-09-01,Australia,5241.41
ORD101030,2024-09-01,Asia,4922.46
ORD100371,2024-09-02,North America,6621.04
ORD100199,2024-09-04,Europe,3737.45
ORD100627,2024-09-04,Europe,3535.67
ORD101142,2024-09-04,Asia,2836.18
ORD101176,2024-09-04,Asia,6068.39
ORD101771,2024-09-04,North America,5590.73
ORD101160,2024-09-05,North America,4085.64
ORD101782,2024-09-05,North America,4350.39
ORD101900,2024-09-05,Europe,3199.3
ORD101330,2024-09-06,Asia,3737.99
ORD101974,2024-09-06,Australia,4757.29
ORD100197,2024-09-07,North America,5738.29
ORD100991,2024-09-07,North America,6169.45
ORD101372,2024-09-07,Europe,4613.2
ORD101711,2024-09-07,Australia,3879.27
ORD101978,2024-09-07,South America,2818.39
ORD101357,2024-09-08,Asia,4798.27
ORD101647,2024-09-08,South America,4367.03
ORD101793,2024-09-08,South America,4738.52
ORD100268,2024-09-10,Australia,3273.55
ORD101236,2024-09-10,Africa,2920.94
ORD101383,2024-09-10,North America,5123.4
ORD101407,2024-09-10,Asia,3999.15
ORD101592,2024-09-10,Africa,3872.97
ORD100139,2024-09-11,North America,5502.48
ORD101312,2024-09-11,North America,5523.42
ORD101757,2024-09-11,Africa,2501.94
ORD100979,2024-09-13,South America,6041.83
ORD101363,2024-09-13,Asia,4843.11
ORD100044,2024-09-16,South America,2809.47
ORD101831,2024-09-16,North America,7538.86
ORD100521,2024-09-18,Europe,5528.94
ORD101685,2024-09-19,Europe,3308.47
ORD101699,2024-09-19,Europe,2584.11
ORD101927,2024-09-19,South America,3374.92
ORD100765,2024-09-20,North America,4958.81
ORD100998,2024-09-20,Europe,3239.53
ORD100194,2024-09-21,Australia,3853.39
ORD101572,2024-09-21,Asia,3455.95
ORD101925,2024-09-21,North America,4262.7
ORD100301,2024-09-22,North America,6466.37
ORD101773,2024-09-22,Africa,3483.29
ORD100053,2024-09-23,Europe,4024.17
ORD100746,2024-09-23,Asia,3472.93
ORD101052,2024-09-23,North America,4026.58
ORD100201,2024-09-24,Asia,3549.18
ORD100630,2024-09-24,Europe,2982.2
ORD101138,2024-09-24,South America,3378.65
ORD101360,2024-09-24,North America,3939.54
ORD100063,2024-09-25,Europe,3612.8
ORD100393,2024-09-25,North America,5613.37
ORD100628,2024-09-25,North America,6245.01
ORD101271,2024-09-26,Asia,6852.58
ORD100068,2024-09-27,South America,4859.01
ORD101151,2024-09-27,South America,3226.42
ORD100022,2024-09-28,South America,1454.81
ORD100332,2024-09-28,Asia,3709.48
ORD100909,2024-09-28,Africa,2926.14
ORD101864,2024-09-28,North America,5709.91
ORD101967,2024-09-28,Europe,4025.96
ORD101044,2024-09-29,Australia,4241.48
ORD101268,2024-09-29,Asia,3325.84
ORD101937,2024-09-29,Europe,4723.26
ORD100374,2024-09-30,Africa,3407.1
ORD100498,2024-09-30,Asia,2367.51
ORD100576,2024-09-30,North America,5994.8
ORD101857,2024-10-01,South America,4183.9
ORD100770,2024-10-02,Africa,2377.54
ORD100913,2024-10-02,Australia,1351.08
ORD101748,2024-10-02,North America,7550.15
ORD101772,2024-10-02,Africa,3609.27
ORD100379,2024-10-04,Asia,5079.73
ORD100634,2024-10-04,South America,4323.09
ORD101718,2024-10-04,Australia,2868.47
ORD101945,2024-10-04,Europe,5344.98
ORD100188,2024-10-05,Australia,4264.24
ORD101285,2024-10-06,North America,5895.11
ORD100758,2024-10-07,Australia,4684.44
ORD101017,2024-10-07,Europe,4548.36
ORD101159,2024-10-07,Europe,4679.35
ORD101593,2024-10-07,South America,2403.18
ORD100614,2024-10-08,Europe,6667.86
ORD101468,2024-10-08,Asia,4241.63
ORD101761,2024-10-08,South America,2850.93
ORD101881,2024-10-08,North America,5142.11
ORD101385,2024-10-09,North America,4410.73
ORD100094,2024-10-10,Europe,5547.62
ORD101066,2024-10-10,Australia,3190.63
ORD101629,2024-10-10,Europe,3654.51
ORD100809,2024-10-12,Europe,3624.2
ORD101094,2024-10-13,North America,4262.59
ORD101173,2024-10-13,Asia,5234.01
ORD101352,2024-10-13,Africa,2655.31
ORD100552,2024-10-14,Asia,5352.71
ORD101283,2024-10-14,Europe,6377.22
ORD101921,2024-10-14,Australia,1975.9
ORD101478,2024-10-15,North America,7279.66
ORD101694,2024-10-15,Australia,3310.55
ORD101754,2024-10-15,North America,3331.74
ORD101774,2024-10-15,North America,5814.7
ORD101666,2024-10-16,Africa,3991.64
ORD100440,2024-10-17,Australia,2286.89
ORD101320,2024-10-17,Australia,4426.77
ORD101168,2024-10-18,Europe,5327.64
ORD100957,2024-10-19,Asia,3426.07
ORD101956,2024-10-19,Europe,4378.65
ORD101302,2024-10-20,South America,4839.16
ORD100027,2024-10-21,Australia,6030.43
ORD101847,2024-10-21,Europe,4640.66
ORD100585,2024-10-22,Asia,4227.65
ORD100942,2024-10-22,Asia,2760.43
ORD101866,2024-10-22,North America,4548.49
ORD100164,2024-10-24,North America,7134.27
ORD100687,2024-10-24,Asia,3980.29
ORD101131,2024-10-24,North America,4285.04
ORD100144,2024-10-25,Africa,2992.5
ORD100962,2024-10-25,Europe,5408.21
ORD101340,2024-10-25,North America,5774.54
ORD101688,2024-10-25,South America,2485.17
ORD101875,2024-10-25,North America,4319.65
ORD100163,2024-10-26,Africa,2047.63
ORD100373,2024-10-26,Europe,5264.55
ORD101495,2024-10-26,Africa,1831.97
ORD101762,2024-10-26,Australia,3767.84
ORD101835,2024-10-26,South America,4668.23
ORD100065,2024-10-27,Europe,7602.36
ORD100907,2024-10-27,Asia,4095.82
ORD101252,2024-10-27,South America,3570.83
ORD100496,2024-10-28,Asia,6560.07
ORD100960,2024-10-28,Asia,1482.94
ORD101719,2024-10-28,North America,6644.2
ORD101584,2024-10-29,North America,6378.08
ORD101888,2024-10-29,Australia,3385.67
ORD100248,2024-10-30,North America,3762.85
ORD101043,2024-10-30,Asia,4656.51
ORD101191,2024-10-30,North America,5719.37
ORD101309,2024-10-30,Asia,3278.38
ORD101485,2024-10-30,Africa,3261.58
ORD101635,2024-10-30,Asia,4515.39
ORD100425,2024-10-31,Europe,3924.55
ORD100572,2024-10-31,Asia,4494.48
ORD100624,2024-10-31,North America,4891.99
ORD101225,2024-10-31,Africa,4124.08
ORD101480,2024-10-31,Australia,4715.09
ORD100165,2024-11-01,North America,4244.16
ORD100275,2024-11-01,North America,5666.57
ORD100929,2024-11-01,North America,6239.75
ORD100972,2024-11-01,Australia,2132.9
ORD101079,2024-11-01,Europe,4930.32
ORD100464,2024-11-02,Europe,3435.8
ORD100732,2024-11-02,North America,4954.17
ORD101678,2024-11-02,Africa,3081.98
ORD101185,2024-11-03,Asia,5473.49
ORD101374,2024-11-03,Europe,4934.38
ORD100777,2024-11-05,South America,3319.52
ORD101059,2024-11-06,North America,3694.33
ORD101333,2024-11-06,Africa,2598.81
ORD101841,2024-11-06,South America,4259.18
ORD100500,2024-11-07,South America,3256.38
ORD100954,2024-11-08,Australia,2828.65
ORD101437,2024-11-08,Asia,5186.32
ORD101687,2024-11-08,Europe,5361.06
ORD100547,2024-11-09,Europe,4623.69
ORD101153,2024-11-10,South America,3580.08
ORD100238,2024-11-11,Europe,5970.7
ORD100473,2024-11-11,North America,3383.45
ORD100795,2024-11-11,Australia,4590.55
ORD100994,2024-11-11,North America,6350.35
ORD101496,2024-11-11,Asia,4072.75
ORD101741,2024-11-11,North America,5420.61
ORD100005,2024-11-12,Asia,6011.64
ORD100621,2024-11-12,North America,2718.83
ORD101444,2024-11-12,Asia,2477.43
ORD100155,2024-11-13,Asia,3209.94
ORD100407,2024-11-13,Australia,2122.18
ORD100435,2024-11-13,North America,4787.71
ORD100633,2024-11-13,Asia,6318.62
ORD101100,2024-11-13,Europe,5356.39
ORD101924,2024-11-13,South America,2122.38
ORD100091,2024-11-14,Europe,3618.29
ORD100354,2024-11-14,Europe,2849.77
ORD100082,2024-11-15,Australia,4978.07
ORD100140,2024-11-15,South America,2016.33
ORD101039,2024-11-15,Asia,4564.16
ORD100004,2024-11-16,North America,2627.3
ORD100298,2024-11-16,North America,4546.43
ORD100756,2024-11-16,Asia,7462.29
ORD101418,2024-11-16,Asia,4059.64
ORD101992,2024-11-16,Africa,1811.26
ORD100121,2024-11-17,South America,3523.62
ORD101220,2024-11-17,Europe,5084.38
ORD100285,2024-11-18,Australia,5219.42
ORD100800,2024-11-19,Asia,7725.73
ORD100935,2024-11-19,South America,5277.55
ORD100030,2024-11-20,Europe,4992.11
ORD101263,2024-11-20,Asia,3284.87
ORD101293,2024-11-20,Asia,4804.23
ORD101729,2024-11-20,Europe,4138.11
ORD100047,2024-11-21,North America,8548.31
ORD100689,2024-11-21,Asia,3544.4
ORD100186,2024-11-22,Africa,2307.73
ORD100219,2024-11-22,South America,2683.73
ORD100267,2024-11-22,North America,4591.0
ORD100869,2024-11-22,Asia,3398.51
ORD100923,2024-11-22,Asia,2045.92
ORD101643,2024-11-22,Asia,4736.56
ORD101092,2024-11-23,Africa,2254.59
ORD101184,2024-11-23,North America,6840.83
ORD100214,2024-11-24,Europe,5676.27
ORD100883,2024-11-24,Europe,3657.17
ORD101057,2024-11-24,Australia,2908.4
ORD101319,2024-11-24,Asia,3778.15
ORD101331,2024-11-24,Asia,5344.8
ORD101373,2024-11-24,Europe,4600.35
ORD101473,2024-11-24,South America,4880.2
ORD101890,2024-11-24,North America,7339.92
ORD100020,2024-11-25,Asia,3945.34
ORD100031,2024-11-25,Asia,3413.53
ORD101919,2024-11-26,North America,4907.07
ORD100506,2024-11-27,Asia,3957.94
ORD100833,2024-11-27,Asia,5708.37
ORD101368,2024-11-27,Europe,4028.94
ORD100792,2024-11-28,Europe,4470.2
ORD101458,2024-11-28,North America,5465.56
ORD101566,2024-11-28,Europe,4909.66
ORD101803,2024-11-28,North America,5194.63
ORD101853,2024-11-28,Africa,1692.36
ORD100222,2024-11-29,North America,4314.4
ORD100537,2024-11-29,South America,4543.89
ORD100871,2024-11-29,Europe,4987.83
ORD101743,2024-11-29,North America,7123.24
ORD100205,2024-11-30,North America,6751.64
ORD101555,2024-11-30,Europe,3247.06
ORD100114,2024-12-01,Australia,4429.95
ORD100798,2024-12-01,Europe,3652.35
ORD100905,2024-12-01,Asia,4133.79
ORD100916,2024-12-01,North America,6461.43
ORD100335,2024-12-02,Australia,3857.49
ORD100647,2024-12-02,Europe,2877.24
ORD101213,2024-12-02,Africa,1453.53
ORD101520,2024-12-02,North America,3242.79
ORD100176,2024-12-03,South America,2296.15
ORD100939,2024-12-03,Europe,3278.0
ORD100073,2024-12-04,Asia,3743.12
ORD100231,2024-12-04,North America,6185.15
ORD100485,2024-12-04,Asia,5437.08
ORD100612,2024-12-04,South America,3331.47
ORD101248,2024-12-05,Asia,5750.23
ORD101954,2024-12-05,Australia,4146.86
ORD100710,2024-12-06,Europe,4483.67
ORD100054,2024-12-07,North America,5506.54
ORD100277,2024-12-07,North America,4401.61
ORD100474,2024-12-07,Asia,5154.43
ORD101075,2024-12-07,Europe,5204.97
ORD101499,2024-12-07,Africa,1609.49
ORD101768,2024-12-07,South America,4399.19
ORD101697,2024-12-08,Africa,2132.0
ORD101802,2024-12-08,Asia,3832.45
ORD101968,2024-12-08,Europe,1918.07
ORD100070,2024-12-09,Europe,7132.37
ORD100367,2024-12-09,North America,5420.64
ORD101102,2024-12-09,North America,4145.02
ORD101431,2024-12-09,Africa,2499.05
ORD101712,2024-12-09,Europe,4545.51
ORD100109,2024-12-10,Australia,3770.02
ORD100124,2024-12-10,North America,4556.9
ORD101789,2024-12-11,Australia,2910.13
ORD100290,2024-12-12,Asia,2299.55
ORD100944,2024-12-12,North America,3564.65
ORD100974,2024-12-12,Europe,2545.8
ORD100076,2024-12-13,Europe,4251.73
ORD100519,2024-12-13,North America,6225.3
ORD100709,2024-12-13,Africa,4398.41
ORD101541,2024-12-13,Asia,5367.74
ORD100973,2024-12-14,South America,6065.89
ORD101420,2024-12-14,Australia,3997.12
ORD100622,2024-12-15,Asia,5415.93
ORD100785,2024-12-15,Europe,5173.09
ORD101202,2024-12-15,Australia,2750.36
ORD101795,2024-12-15,Africa,2111.57
ORD100768,2024-12-16,North America,5126.51
ORD101101,2024-12-16,South America,4199.71
ORD101508,2024-12-16,Australia,4263.79
ORD101799,2024-12-16,South America,3305.89
ORD100644,2024-12-17,North America,5694.52
ORD101808,2024-12-17,South America,3327.16
ORD100276,2024-12-18,Europe,5914.9
ORD101146,2024-12-18,Australia,3467.96
ORD101517,2024-12-18,North America,5209.81
ORD101932,2024-12-18,North America,3932.74
ORD100282,2024-12-21,Europe,5909.87
ORD100729,2024-12-22,North America,5785.95
ORD101031,2024-12-22,North America,4537.35
ORD100444,2024-12-23,North America,6110.31
ORD100651,2024-12-23,Europe,4520.58
ORD101244,2024-12-23,Europe,5128.0
ORD101492,2024-12-23,Europe,3306.99
ORD100284,2024-12-24,Asia,2714.42
ORD101116,2024-12-24,Australia,3706.7
ORD101477,2024-12-24,North America,2728.26
ORD101918,2024-12-24,Africa,2730.07
ORD100718,2024-12-25,Asia,6021.16
ORD100235,2024-12-26,North America,4297.8
ORD100563,2024-12-26,Africa,2964.89
ORD101120,2024-12-26,Europe,5114.04
ORD100203,2024-12-27,Africa,2055.06
ORD100252,2024-12-27,North America,6204.77
ORD101018,2024-12-27,North America,4141.5
ORD101519,2024-12-27,Asia,4002.75
ORD101549,2024-12-27,Europe,4546.01
ORD100185,2024-12-28,North America,4976.9
ORD101353,2024-12-28,Europe,6779.7
ORD101814,2024-12-28,North America,6296.68
ORD100055,2024-12-29,Europe,6642.77
ORD100183,2024-12-29,North America,6290.27
ORD101356,2024-12-29,Africa,2890.47
ORD100405,2024-12-30,North America,5910.52
ORD100453,2024-12-30,Africa,3357.94
ORD101162,2024-12-30,Europe,5310.92
ORD100021,2024-12-31,Africa,886.48
ORD100180,2025-01-01,North America,7552.87
ORD100406,2025-01-01,Europe,3210.3
ORD101053,2025-01-01,Asia,3551.1
ORD100667,2025-01-02,Africa,4172.72
ORD101091,2025-01-02,Europe,2613.28
ORD101379,2025-01-02,North America,5255.15
ORD101737,2025-01-02,North America,4054.13
ORD100556,2025-01-03,South America,3690.23
ORD100876,2025-01-03,Africa,2916.95
ORD101008,2025-01-03,North America,5367.7
ORD101767,2025-01-03,Asia,4309.62
ORD100115,2025-01-04,Australia,4470.95
ORD100159,2025-01-04,Asia,3499.27
ORD100629,2025-01-04,North America,5365.07
ORD101152,2025-01-04,North America,6694.13
ORD100420,2025-01-05,Australia,4801.63
ORD101217,2025-01-05,North America,2676.31
ORD101618,2025-01-05,Africa,3835.76
ORD100445,2025-01-06,North America,4793.45
ORD100940,2025-01-06,North America,4486.36
ORD101051,2025-01-06,Australia,2406.41
ORD101241,2025-01-06,Europe,3638.9
ORD101490,2025-01-06,Asia,2588.24
ORD100897,2025-01-07,South America,2465.77
ORD101000,2025-01-09,Asia,4722.98
ORD101442,2025-01-09,North America,6474.95
ORD100017,2025-01-10,South America,4778.62
ORD100608,2025-01-10,Europe,4828.04
ORD100344,2025-01-11,Asia,5457.16
ORD100803,2025-01-11,North America,4550.33
ORD101207,2025-01-11,South America,3907.77
ORD101296,2025-01-11,North America,4226.85
ORD101583,2025-01-11,North America,6589.94
ORD101680,2025-01-11,Europe,4055.58
ORD100549,2025-01-12,Europe,5745.48
ORD101165,2025-01-12,Africa,3686.88
ORD101460,2025-01-12,Asia,3005.19
ORD101720,2025-01-12,Asia,4813.92
ORD100717,2025-01-13,Europe,4666.53
ORD101916,2025-01-13,North America,4126.12
ORD100366,2025-01-14,Asia,3768.58
ORD101015,2025-01-14,Europe,2062.62
ORD100296,2025-01-15,Europe,5392.87
ORD100449,2025-01-15,Asia,4691.16
ORD100701,2025-01-15,Australia,3761.04
ORD101010,2025-01-15,South America,2755.47
ORD101686,2025-01-15,South America,6353.14
ORD101849,2025-01-15,South America,4837.11
ORD100893,2025-01-16,Asia,3991.99
ORD101800,2025-01-16,South America,5859.77
ORD100578,2025-01-17,Africa,3428.99
ORD100679,2025-01-17,Africa,2356.98
ORD100712,2025-01-17,Europe,4247.1
ORD101074,2025-01-18,Africa,2732.86
ORD101311,2025-01-18,Australia,3078.78
ORD101665,2025-01-18,Asia,4697.69
ORD101859,2025-01-18,South America,464.63
ORD100011,2025-01-19,South America,3304.25
ORD100997,2025-01-19,Europe,3626.86
ORD101195,2025-01-19,Asia,3933.61
ORD101957,2025-01-21,North America,6917.12
ORD100488,2025-01-22,Asia,4309.62
ORD100995,2025-01-22,Asia,2588.2
ORD101299,2025-01-22,North America,6225.97
ORD101392,2025-01-22,South America,2659.31
ORD101501,2025-01-22,North America,5750.31
ORD101920,2025-01-22,South America,5653.42
ORD100507,2025-01-23,South America,5540.41
ORD101147,2025-01-23,North America,4457.47
ORD101164,2025-01-23,Europe,5308.84
ORD101902,2025-01-23,Australia,2136.99
ORD101958,2025-01-23,North America,6014.44
ORD101991,2025-01-23,Africa,1895.35
ORD100351,2025-01-24,Africa,4095.79
ORD100656,2025-01-24,Europe,3570.04
ORD100747,2025-01-24,South America,3680.31
ORD101553,2025-01-24,Asia,3528.22
ORD101669,2025-01-24,Asia,4353.14
ORD101335,2025-01-25,Europe,5041.33
ORD101341,2025-01-25,North America,7885.03
ORD101725,2025-01-25,North America,5302.64
ORD101901,2025-01-25,Europe,3554.66
ORD100606,2025-01-26,Europe,5711.66
ORD100648,2025-01-26,Africa,3541.81
ORD101636,2025-01-26,Europe,5427.09
ORD100561,2025-01-27,Australia,4163.67
ORD100931,2025-01-27,Asia,6277.85
ORD101922,2025-01-27,North America,4858.31
ORD100539,2025-01-29,Africa,2745.31
ORD100877,2025-01-29,Europe,5119.55
ORD101140,2025-01-29,Africa,2865.35
ORD100927,2025-01-30,Europe,5108.52
ORD101259,2025-01-30,North America,6396.74
ORD101380,2025-01-30,South America,3643.8
ORD100289,2025-01-31,Asia,4402.79
ORD100305,2025-01-31,Africa,3622.68
ORD100917,2025-01-31,South America,2782.62
ORD101848,2025-01-31,North America,4692.75
ORD100029,2025-02-02,South America,3572.35
ORD100295,2025-02-02,Europe,4519.18
ORD100789,2025-02-02,Africa,3584.99
ORD100807,2025-02-02,North America,4509.74
ORD100057,2025-02-03,Australia,5411.02
ORD100229,2025-02-03,Australia,4496.96
ORD100331,2025-02-03,South America,5224.81
ORD100983,2025-02-03,Africa,2794.95
ORD100879,2025-02-04,Asia,3932.94
ORD101577,2025-02-04,South America,4210.37
ORD100992,2025-02-05,South America,3612.61
ORD101323,2025-02-05,Europe,5863.62
ORD101497,2025-02-06,Asia,2501.09
ORD101997,2025-02-07,South America,4665.06
ORD100132,2025-02-08,Asia,3950.76
ORD100655,2025-02-08,Australia,4121.9
ORD100762,2025-02-08,North America,7067.75
ORD101222,2025-02-08,Asia,3474.97
ORD101625,2025-02-08,Asia,4856.71
ORD101664,2025-02-08,Europe,4136.76
ORD101840,2025-02-08,North America,4704.22
ORD100034,2025-02-09,Australia,5439.62
ORD100308,2025-02-09,South America,4722.57
ORD100330,2025-02-09,North America,5681.24
ORD100456,2025-02-09,North America,2944.28
ORD100755,2025-02-09,Europe,5150.6
ORD101365,2025-02-09,South America,2935.23
ORD101938,2025-02-09,North America,3470.96
ORD100113,2025-02-10,Asia,3850.29
ORD101084,2025-02-10,North America,7396.7
ORD101129,2025-02-10,North America,6748.47
ORD101258,2025-02-10,Africa,3842.69
ORD100158,2025-02-11,North America,7002.76
ORD101565,2025-02-11,Asia,1708.55
ORD100134,2025-02-12,South America,3858.54
ORD101003,2025-02-12,Australia,4127.85
ORD101975,2025-02-12,Asia,3141.66
ORD101387,2025-02-13,Australia,7201.97
ORD101412,2025-02-14,Australia,3288.12
ORD101434,2025-02-14,Europe,5177.42
ORD100079,2025-02-16,Asia,3874.69
ORD100706,2025-02-16,Australia,4159.17
ORD100126,2025-02-17,Asia,3491.1
ORD100131,2025-02-17,Australia,4086.19
ORD100980,2025-02-17,North America,4507.31
ORD101029,2025-02-17,Asia,5913.67
ORD100437,2025-02-18,North America,5381.56
ORD101189,2025-02-18,Europe,5543.64
ORD101672,2025-02-18,Asia,4160.73
ORD100116,2025-02-19,North America,6494.36
ORD101544,2025-02-20,Europe,4931.91
ORD101728,2025-02-20,North America,2837.25
ORD100288,2025-02-21,Europe,6437.96
ORD100570,2025-02-21,Asia,5065.56
ORD101759,2025-02-21,South America,3895.42
ORD100708,2025-02-22,Europe,2596.08
ORD100922,2025-02-22,Europe,4717.89
ORD100978,2025-02-22,Australia,5377.03
ORD101455,2025-02-22,Asia,5035.65
ORD101631,2025-02-22,North America,4868.81
ORD101897,2025-02-23,Australia,1836.28
ORD100129,2025-02-24,South America,3800.83
ORD101344,2025-02-24,Europe,5586.84
ORD101765,2025-02-24,North America,5063.29
ORD100535,2025-02-26,North America,2439.45
ORD100930,2025-02-26,Asia,2874.75
ORD101627,2025-02-26,Asia,2786.59
ORD100228,2025-02-27,Asia,4237.91
ORD100597,2025-02-27,North America,5036.69
ORD100266,2025-02-28,Africa,3860.8
ORD100424,2025-02-28,Europe,3799.56
ORD100677,2025-02-28,South America,3560.78
ORD101760,2025-02-28,Asia,4619.44
ORD100242,2025-03-02,Europe,5600.53
ORD101161,2025-03-02,Asia,2873.3
ORD101415,2025-03-03,Asia,1584.77
ORD101628,2025-03-03,Europe,5429.66
ORD101791,2025-03-03,Africa,2700.45
ORD101858,2025-03-03,Asia,2222.34
ORD101118,2025-03-04,North America,6494.99
ORD100260,2025-03-05,Australia,3994.19
ORD100985,2025-03-05,Asia,3515.84
ORD101156,2025-03-05,Africa,2629.3
ORD100786,2025-03-06,Africa,3382.45
ORD100966,2025-03-06,North America,4273.26
ORD101423,2025-03-06,South America,2843.3
ORD101833,2025-03-06,Asia,4743.08
ORD100270,2025-03-07,Asia,3931.33
ORD100698,2025-03-07,Africa,3610.57
ORD100981,2025-03-07,Africa,1890.84
ORD101318,2025-03-07,South America,3330.15
ORD101396,2025-03-07,Australia,4520.7
ORD101546,2025-03-07,Europe,5576.52
ORD100548,2025-03-08,South America,3097.07
ORD100915,2025-03-08,North America,9188.72
ORD100688,2025-03-09,Asia,4695.24
ORD100520,2025-03-10,North America,8025.9
ORD101608,2025-03-10,Europe,5962.49
ORD101644,2025-03-10,Africa,2245.67
ORD100468,2025-03-11,North America,5780.92
ORD101350,2025-03-11,North America,6361.68
ORD101654,2025-03-11,South America,4109.93
ORD100455,2025-03-12,Europe,3955.2
ORD100665,2025-03-12,Australia,3276.32
ORD101505,2025-03-12,Europe,5653.67
ORD100531,2025-03-13,Europe,2821.06
ORD101188,2025-03-13,Asia,3522.7
ORD100394,2025-03-14,North America,6052.12
ORD100720,2025-03-14,Africa,3716.72
ORD100967,2025-03-15,South America,3923.61
ORD101048,2025-03-15,Asia,4694.2
ORD101580,2025-03-15,Australia,5289.28
ORD101764,2025-03-15,Europe,5522.46
ORD100137,2025-03-16,Asia,3282.23
ORD100494,2025-03-16,South America,3983.88
ORD100625,2025-03-17,Europe,5127.76
ORD101525,2025-03-17,Australia,3607.57
ORD101568,2025-03-17,North America,3033.39
ORD101873,2025-03-17,North America,3265.86
ORD100490,2025-03-18,Asia,5581.43
ORD100850,2025-03-18,South America,2647.18
ORD100193,2025-03-19,Africa,3467.56
ORD101181,2025-03-20,South America,4151.5
ORD101758,2025-03-20,South America,4716.02
ORD101952,2025-03-20,South America,4044.89
ORD100956,2025-03-22,Australia,3613.78
ORD101305,2025-03-22,Asia,4572.23
ORD101662,2025-03-22,Europe,5575.17
ORD100269,2025-03-23,Asia,5700.85
ORD100767,2025-03-23,Australia,2560.37
ORD100896,2025-03-23,North America,5542.58
ORD101135,2025-03-24,Asia,4209.99
ORD101829,2025-03-24,Africa,5400.28
ORD100323,2025-03-25,North America,5697.96
ORD100672,2025-03-25,Asia,4384.44
ORD100953,2025-03-25,South America,3656.59
ORD100601,2025-03-26,Australia,4284.31
ORD100702,2025-03-26,Australia,3712.78
ORD100900,2025-03-26,North America,4941.09
ORD100987,2025-03-26,Europe,5108.98
ORD101846,2025-03-26,Asia,4213.98
ORD101885,2025-03-27,Asia,4122.66
ORD101554,2025-03-28,Australia,5749.59
ORD101661,2025-03-28,Africa,2754.13
ORD101200,2025-03-29,South America,3952.57
ORD101397,2025-03-29,Europe,2318.69
ORD101540,2025-03-29,Asia,6449.89
ORD100343,2025-03-30,Asia,2937.09
ORD100675,2025-03-30,South America,5079.83
ORD101290,2025-03-30,Europe,8813.08
ORD101638,2025-03-30,North America,5050.63
ORD100825,2025-03-31,South America,2317.97
ORD101211,2025-03-31,Australia,3484.36
ORD101982,2025-03-31,Europe,6141.5
ORD100996,2025-04-02,South America,2154.3
ORD100240,2025-04-03,North America,6622.02
ORD100599,2025-04-03,Africa,2843.12
ORD101755,2025-04-03,Africa,1739.65
ORD100245,2025-04-04,Europe,4828.13
ORD101171,2025-04-04,Europe,6983.33
ORD101753,2025-04-04,Africa,2404.47
ORD100085,2025-04-05,Australia,5054.45
ORD100192,2025-04-05,Europe,4912.53
ORD100880,2025-04-05,Asia,3665.67
ORD100040,2025-04-06,North America,5155.24
ORD101172,2025-04-06,Europe,4147.04
ORD100658,2025-04-07,Africa,2958.34
ORD101111,2025-04-07,Asia,2562.09
ORD100130,2025-04-08,Australia,6599.22
ORD100458,2025-04-08,Asia,3007.26
ORD100475,2025-04-08,Asia,6312.03
ORD100743,2025-04-08,North America,8073.45
ORD100958,2025-04-08,North America,3430.23
ORD101196,2025-04-08,Africa,2820.36
ORD101370,2025-04-08,Asia,3430.28
ORD100341,2025-04-09,North America,4650.81
ORD101417,2025-04-09,Europe,5268.6
ORD101467,2025-04-09,Africa,1936.06
ORD101585,2025-04-09,North America,4967.6
ORD100099,2025-04-10,Africa,3480.36
ORD100673,2025-04-10,South America,4412.55
ORD100782,2025-04-10,Africa,2343.3
ORD100920,2025-04-10,Australia,2421.64
ORD101235,2025-04-10,South America,2567.54
ORD101985,2025-04-10,North America,5125.24
ORD101128,2025-04-11,Europe,4915.48
ORD101337,2025-04-11,Africa,2845.35
ORD100616,2025-04-12,North America,4092.18
ORD101994,2025-04-12,Asia,5739.96
ORD101068,2025-04-13,Australia,4176.5
ORD100569,2025-04-14,Asia,5891.85
ORD100600,2025-04-14,Europe,6283.42
ORD100026,2025-04-15,Europe,4837.46
ORD101715,2025-04-16,Africa,2357.32
ORD101717,2025-04-17,Asia,4015.56
ORD100984,2025-04-18,Europe,4192.52
ORD100934,2025-04-19,Africa,3350.59
ORD101130,2025-04-19,North America,4250.58
ORD101221,2025-04-19,Europe,3519.55
ORD100244,2025-04-20,North America,6456.66
ORD100824,2025-04-20,Asia,4060.61
ORD101089,2025-04-20,South America,3964.71
ORD101205,2025-04-20,Europe,4859.73
ORD101255,2025-04-20,Australia,3498.59
ORD101887,2025-04-20,North America,3193.48
ORD100502,2025-04-21,Australia,2503.05
ORD100771,2025-04-21,Asia,3359.45
ORD100986,2025-04-21,Australia,4141.74
ORD101812,2025-04-21,Africa,2842.08
ORD100652,2025-04-22,Europe,4998.0
ORD101398,2025-04-22,North America,7874.52
ORD101438,2025-04-22,South America,2032.85
ORD101723,2025-04-22,Europe,4492.04
ORD100003,2025-04-23,North America,1211.24
ORD100123,2025-04-23,Africa,2043.81
ORD101224,2025-04-23,North America,5725.9
ORD100842,2025-04-24,Asia,5612.93
ORD100730,2025-04-25,Europe,4046.84
ORD101277,2025-04-25,Asia,3886.38
ORD101693,2025-04-25,Africa,3326.38
ORD101981,2025-04-25,Asia,2989.68
ORD101597,2025-04-26,North America,7284.23
ORD100255,2025-04-27,North America,4146.97
ORD100316,2025-04-27,South America,4479.33
ORD101959,2025-04-27,Europe,2710.19
ORD100156,2025-04-28,North America,5424.34
ORD100372,2025-04-28,Australia,7272.66
ORD100237,2025-04-29,North America,3469.71
ORD100446,2025-04-29,Asia,3138.12
ORD100162,2025-04-30,South America,5440.82
ORD100479,2025-04-30,Asia,1864.97
ORD101648,2025-04-30,Africa,2703.4
ORD100108,2025-05-01,Europe,6222.5
ORD100311,2025-05-01,Europe,4932.62
ORD100819,2025-05-01,Asia,3539.29
ORD100822,2025-05-01,Asia,4026.19
ORD100122,2025-05-03,North America,4543.09
ORD101049,2025-05-03,North America,4827.79
ORD100080,2025-05-04,Europe,4057.55
ORD100859,2025-05-04,Europe,6594.76
ORD101132,2025-05-04,South America,3782.88
ORD101613,2025-05-04,Asia,4325.52
ORD100283,2025-05-05,Asia,4861.46
ORD100641,2025-05-05,South America,3527.01
ORD100736,2025-05-05,South America,1851.74
ORD101306,2025-05-05,Europe,4498.59
ORD101427,2025-05-05,North America,8046.03
ORD100312,2025-05-06,Australia,4429.75
ORD101813,2025-05-07,South America,3854.47
ORD101071,2025-05-08,Africa,4880.62
ORD101274,2025-05-08,Africa,3007.43
ORD101329,2025-05-08,Asia,5647.38
ORD101424,2025-05-08,North America,6428.78
ORD100049,2025-05-10,Africa,4298.0
ORD100257,2025-05-10,South America,2227.05
ORD100416,2025-05-10,Africa,3453.02
ORD101298,2025-05-10,North America,6892.55
ORD101668,2025-05-10,North America,6281.23
ORD100711,2025-05-11,South America,2947.41
ORD101327,2025-05-11,North America,4662.07
ORD100550,2025-05-12,Europe,5855.48
ORD100827,2025-05-12,Asia,2148.78
ORD100098,2025-05-13,Africa,2916.14
ORD101696,2025-05-13,North America,4183.34
ORD101703,2025-05-13,Europe,3055.17
ORD101973,2025-05-13,North America,7006.31
ORD100060,2025-05-14,South America,3540.49
ORD100191,2025-05-14,Asia,4957.52
ORD101510,2025-05-14,Asia,4255.26
ORD100813,2025-05-15,South America,3230.39
ORD101780,2025-05-15,North America,6815.32
ORD100075,2025-05-16,Africa,3890.67
ORD100615,2025-05-16,Africa,3881.12
ORD100636,2025-05-16,Europe,5231.9
ORD100788,2025-05-16,South America,3646.57
ORD101062,2025-05-17,Europe,5375.24
ORD101547,2025-05-17,Australia,4325.12
ORD100587,2025-05-18,Europe,5445.98
ORD101149,2025-05-18,South America,4467.5
ORD101183,2025-05-19,Africa,2488.64
ORD100941,2025-05-20,North America,3435.46
ORD101614,2025-05-21,South America,884.45
ORD100422,2025-05-22,Asia,3884.43
ORD100666,2025-05-22,Africa,1509.05
ORD100008,2025-05-24,Europe,6715.75
ORD100175,2025-05-24,Asia,4458.69
ORD100184,2025-05-24,North America,4229.21
ORD100875,2025-05-24,Australia,4073.73
ORD100866,2025-05-25,Africa,3704.93
ORD101472,2025-05-25,Africa,2930.85
ORD100086,2025-05-26,South America,3981.67
ORD100204,2025-05-26,South America,4875.9
ORD100932,2025-05-26,Asia,2234.23
ORD101303,2025-05-26,Asia,5021.9
ORD101733,2025-05-26,Asia,5366.37
ORD100043,2025-05-27,South America,3920.54
ORD101348,2025-05-27,Africa,4183.1
ORD100982,2025-05-28,Europe,1718.84
ORD101194,2025-05-28,North America,6670.65
ORD101595,2025-05-28,Europe,4843.06
ORD100223,2025-05-29,Africa,2347.76
ORD100110,2025-05-30,North America,3904.45
ORD101064,2025-05-30,North America,6672.98
ORD101041,2025-05-31,Europe,6790.62
ORD101539,2025-05-31,North America,4107.68
ORD101600,2025-06-01,Australia,5859.3
ORD100541,2025-06-02,Africa,3462.36
ORD100892,2025-06-02,South America,3268.31
ORD100906,2025-06-02,Asia,3916.32
ORD101045,2025-06-02,Australia,3622.81
ORD101317,2025-06-02,North America,7334.0
ORD101894,2025-06-03,Asia,3755.05
ORD101077,2025-06-04,Australia,5173.59
ORD101522,2025-06-04,Asia,5010.18
ORD101197,2025-06-05,North America,3777.13
ORD101276,2025-06-05,North America,6833.82
ORD100430,2025-06-06,Asia,4559.47
ORD100015,2025-06-08,Europe,5144.14
ORD100177,2025-06-08,Asia,3321.18
ORD100212,2025-06-08,Africa,2665.87
ORD100774,2025-06-08,Africa,2850.0
ORD101332,2025-06-08,Europe,3735.56
ORD101675,2025-06-08,Asia,5861.66
ORD100236,2025-06-09,North America,3863.82
ORD101750,2025-06-09,North America,4292.58
ORD100395,2025-06-10,Africa,3053.87
ORD101208,2025-06-10,Asia,4124.08
ORD101903,2025-06-10,North America,4131.08
ORD100225,2025-06-11,North America,4816.38
ORD100697,2025-06-11,North America,6118.45
ORD100727,2025-06-11,Europe,4605.55
ORD101641,2025-06-11,South America,4041.17
ORD100174,2025-06-12,South America,4364.42
ORD100461,2025-06-12,South America,2544.53
ORD100681,2025-06-12,South America,3132.85
ORD100793,2025-06-12,North America,7219.46
ORD101119,2025-06-12,North America,5055.55
ORD101137,2025-06-13,Europe,1746.72
ORD100676,2025-06-14,Australia,4758.88
ORD101598,2025-06-14,Europe,5770.26
ORD101670,2025-06-14,Asia,4234.89
ORD100318,2025-06-15,North America,6873.49
ORD100713,2025-06-15,Australia,2286.78
ORD101785,2025-06-15,North America,4678.74
ORD101879,2025-06-15,Asia,3834.43
ORD100731,2025-06-16,Australia,4243.7
ORD100317,2025-06-17,Asia,4523.74
ORD100760,2025-06-17,Australia,1782.88
ORD100737,2025-06-18,Africa,3114.97
ORD101033,2025-06-18,Europe,3564.25
ORD101724,2025-06-18,Europe,3482.54
ORD101218,2025-06-19,Australia,3467.66
ORD101009,2025-06-20,North America,4756.88
ORD101232,2025-06-20,South America,3372.63
ORD101573,2025-06-20,South America,5214.38
ORD101714,2025-06-20,North America,5114.41
ORD100013,2025-06-21,Asia,4573.5
ORD100662,2025-06-21,Asia,3846.58
ORD100886,2025-06-21,Europe,6609.73
ORD101349,2025-06-21,North America,1502.91
ORD101591,2025-06-21,South America,3675.53
ORD101860,2025-06-21,Asia,5182.6
ORD100215,2025-06-22,Europe,4453.28
ORD100377,2025-06-22,South America,3152.55
ORD100557,2025-06-22,Australia,3640.91
ORD100631,2025-06-22,Asia,4095.47
ORD101002,2025-06-22,Asia,4777.37
ORD100471,2025-06-23,Australia,5048.63
ORD100739,2025-06-23,Asia,4934.14
ORD100757,2025-06-23,North America,7165.85
ORD100805,2025-06-23,South America,5156.81
ORD101602,2025-06-23,South America,3592.21
ORD100432,2025-06-24,Asia,4884.77
ORD100603,2025-06-24,South America,2253.59
ORD101281,2025-06-24,Europe,4428.6
ORD101282,2025-06-24,North America,5025.16
ORD101449,2025-06-24,Asia,4676.3
ORD101861,2025-06-24,Europe,4476.08
ORD101036,2025-06-26,South America,2977.0
ORD101394,2025-06-26,North America,6721.61
ORD101722,2025-06-26,Africa,3122.21
ORD101966,2025-06-26,Asia,4671.04
ORD100059,2025-06-27,Asia,6259.39
ORD101139,2025-06-27,South America,3441.42
ORD101513,2025-06-27,North America,3630.82
ORD101742,2025-06-27,Africa,3231.4
ORD101845,2025-06-27,North America,3298.49
ORD100062,2025-06-28,Asia,3715.58
ORD100878,2025-06-28,Europe,4944.59
ORD100378,2025-06-29,Africa,2574.82
ORD100391,2025-06-29,Australia,4750.48
ORD100512,2025-06-29,North America,6810.35
ORD101899,2025-06-30,Asia,1955.44
ORD100360,2025-07-01,North America,4479.65
ORD100463,2025-07-01,North America,6075.19
ORD100895,2025-07-01,Europe,4897.54
ORD101234,2025-07-02,Australia,2657.75
ORD101984,2025-07-02,Asia,2218.2
ORD101378,2025-07-03,Asia,4692.86
ORD101667,2025-07-03,Africa,4587.99
ORD100493,2025-07-04,Asia,4751.81
ORD101065,2025-07-04,Europe,4283.51
ORD101790,2025-07-04,Europe,4534.51
ORD101995,2025-07-05,Asia,4688.78
ORD101098,2025-07-06,Asia,2825.94
ORD100247,2025-07-07,Asia,4757.55
ORD101073,2025-07-07,Europe,4203.9
ORD100042,2025-07-08,South America,3720.08
ORD100234,2025-07-08,South America,2716.93
ORD101674,2025-07-08,Asia,3026.32
ORD100051,2025-07-09,South America,3861.36
ORD101301,2025-07-09,Australia,5437.27
ORD101868,2025-07-09,Asia,4330.42
ORD100014,2025-07-10,Australia,5647.25
ORD101204,2025-07-10,North America,7213.46
ORD100742,2025-07-11,Europe,2847.01
ORD101134,2025-07-11,Australia,3000.08
ORD101275,2025-07-11,Africa,3745.67
ORD101671,2025-07-11,Asia,4971.11
ORD100207,2025-07-12,Asia,6674.52
ORD100714,2025-07-12,Africa,4195.4
ORD100128,2025-07-13,South America,4787.88
ORD100489,2025-07-13,Africa,2903.12
ORD101822,2025-07-13,South America,5399.23
ORD100423,2025-07-14,Asia,1044.6
ORD100657,2025-07-14,North America,4403.56
ORD100089,2025-07-15,Asia,6107.49
ORD100320,2025-07-15,Africa,1819.66
ORD101148,2025-07-15,Australia,5109.58
ORD101775,2025-07-16,South America,3248.62
ORD100645,2025-07-17,North America,5470.89
ORD100911,2025-07-17,North America,7894.27
ORD101061,2025-07-17,Australia,3146.16
ORD100173,2025-07-18,Europe,4657.52
ORD100370,2025-07-18,Europe,5809.97
ORD100864,2025-07-18,Asia,2301.85
ORD101058,2025-07-18,Asia,4641.26
ORD101691,2025-07-18,Australia,4823.97
ORD101825,2025-07-18,Australia,4832.99
ORD101870,2025-07-18,North America,5179.13
ORD100002,2025-07-19,Asia,3390.72
ORD101278,2025-07-19,North America,5249.76
ORD101558,2025-07-19,Europe,6866.3
ORD100734,2025-07-20,Europe,4612.3
ORD101339,2025-07-20,Asia,2996.42
ORD100836,2025-07-21,North America,6550.51
ORD101611,2025-07-21,Africa,2187.89
ORD100050,2025-07-22,Europe,4348.04
ORD100402,2025-07-22,North America,5281.84
ORD100815,2025-07-22,Africa,3756.0
ORD101242,2025-07-22,North America,3640.76
ORD101469,2025-07-22,Asia,3739.43
ORD101914,2025-07-22,South America,4509.59
ORD100210,2025-07-23,Europe,4306.94
ORD100598,2025-07-23,North America,7473.09
ORD100602,2025-07-23,North America,5886.14
ORD101313,2025-07-23,Europe,4565.28
ORD101441,2025-07-23,Australia,5834.49
ORD101731,2025-07-23,North America,4188.58
ORD100107,2025-07-24,North America,5095.17
ORD100112,2025-07-24,Europe,4858.7
ORD100766,2025-07-24,North America,3653.66
ORD101498,2025-07-24,North America,5122.6
ORD100025,2025-07-25,South America,3714.71
ORD100806,2025-07-25,South America,2921.65
ORD101212,2025-07-25,Asia,6009.71
ORD100278,2025-07-26,North America,5260.0
ORD100690,2025-07-26,Europe,3462.15
ORD101416,2025-07-26,North America,5792.78
ORD101726,2025-07-26,South America,2974.02
ORD100160,2025-07-27,South America,4544.88
ORD100476,2025-07-27,Asia,4894.09
ORD100613,2025-07-27,South America,2945.75
ORD100918,2025-07-27,South America,4195.84
ORD100016,2025-07-28,North America,6257.1
ORD100725,2025-07-28,Asia,6606.18
ORD100955,2025-07-28,Australia,3448.34
ORD100106,2025-07-29,South America,2758.47
ORD100249,2025-07-29,Africa,1741.65
ORD100990,2025-07-29,North America,3596.04
ORD101430,2025-07-29,South America,3227.34
ORD100213,2025-07-30,Asia,4748.28
ORD101461,2025-07-31,Africa,2224.54
ORD101414,2025-08-01,Asia,3223.92
ORD100559,2025-08-02,Asia,3149.8
ORD100639,2025-08-02,Europe,5611.02
ORD100261,2025-08-03,North America,3481.05
ORD101133,2025-08-03,Australia,4353.49
ORD101254,2025-08-03,Asia,4781.03
ORD101617,2025-08-03,North America,4007.43
ORD101980,2025-08-03,Africa,3299.8
ORD101986,2025-08-03,Europe,4962.19
ORD100071,2025-08-04,Africa,1699.82
ORD100135,2025-08-04,Australia,4375.3
ORD100692,2025-08-04,Australia,3830.25
ORD100745,2025-08-04,South America,4215.73
ORD101684,2025-08-04,Asia,913.93
ORD100105,2025-08-05,North America,5060.39
ORD100484,2025-08-05,North America,5367.63
ORD101736,2025-08-06,Asia,6530.85
ORD100716,2025-08-07,South America,4978.34
ORD101012,2025-08-07,Europe,6193.32
ORD101578,2025-08-07,Africa,2779.6
ORD100591,2025-08-08,North America,2891.36
ORD100686,2025-08-08,Europe,5048.49
ORD100852,2025-08-08,Australia,5892.77
ORD100860,2025-08-08,Europe,4117.27
ORD101087,2025-08-08,Europe,4606.68
ORD101284,2025-08-08,South America,4819.2
ORD100596,2025-08-09,South America,2047.32
ORD101199,2025-08-09,Europe,3612.72
ORD101260,2025-08-09,Europe,5342.26
ORD100428,2025-08-10,North America,5118.54
ORD100472,2025-08-10,North America,2993.15
ORD100551,2025-08-10,North America,7107.42
ORD100092,2025-08-11,Asia,4094.83
ORD100103,2025-08-11,Africa,3408.93
ORD100654,2025-08-11,North America,3709.57
ORD101749,2025-08-11,Asia,4421.49
ORD100291,2025-08-13,Asia,2079.68
ORD100336,2025-08-13,Africa,2737.04
ORD100837,2025-08-13,North America,6292.62
ORD101001,2025-08-13,Africa,3923.31
ORD101334,2025-08-13,North America,4036.17
ORD100227,2025-08-14,Asia,3459.34
ORD101219,2025-08-14,Australia,5488.33
ORD100885,2025-08-17,Europe,4836.14
ORD101574,2025-08-17,Africa,3629.62
ORD100166,2025-08-18,Africa,4691.13
ORD101426,2025-08-18,South America,3148.55
ORD100514,2025-08-19,South America,3175.29
ORD101535,2025-08-19,Australia,3556.09
ORD101843,2025-08-19,Asia,5160.87
ORD100741,2025-08-20,Europe,2110.83
ORD101965,2025-08-20,Europe,6216.64
ORD101964,2025-08-21,Asia,5040.03
ORD100849,2025-08-22,Europe,2214.08
ORD100867,2025-08-22,Australia,3845.5
ORD100149,2025-08-23,Asia,2965.0
ORD101025,2025-08-23,Asia,5483.82
ORD101231,2025-08-23,Europe,2867.03
ORD100028,2025-08-24,Europe,2965.41
ORD101264,2025-08-24,North America,5612.47
ORD101587,2025-08-24,Europe,2360.41
ORD100524,2025-08-25,South America,3838.21
ORD100433,2025-08-26,North America,3333.62
ORD100605,2025-08-26,Europe,4168.61
ORD100794,2025-08-26,South America,3830.29
ORD101603,2025-08-26,Asia,4741.07
ORD101923,2025-08-26,North America,6964.31
ORD100038,2025-08-27,Europe,5924.13
ORD100302,2025-08-27,Asia,3716.38
ORD101040,2025-08-27,South America,3836.47
ORD101987,2025-08-27,North America,6616.39
ORD100553,2025-08-28,Europe,5992.81
ORD101971,2025-08-28,Asia,4520.25
ORD100334,2025-08-29,Australia,897.62
ORD100482,2025-08-29,North America,3589.9
ORD100388,2025-08-30,Europe,2531.14
ORD100545,2025-08-30,Asia,4031.72
ORD100084,2025-08-31,Africa,2469.99
ORD100090,2025-08-31,Asia,4783.92
ORD100101,2025-08-31,North America,5719.98
ORD100582,2025-09-01,Europe,5059.5
ORD100611,2025-09-01,Europe,5121.05
ORD101933,2025-09-01,Asia,4404.16
ORD101097,2025-09-02,North America,5485.95
ORD101865,2025-09-02,Europe,5689.87
ORD100589,2025-09-03,Europe,4651.95
ORD100816,2025-09-03,Asia,3424.78
ORD101080,2025-09-03,North America,6200.2
ORD101650,2025-09-03,Africa,3124.93
ORD100868,2025-09-04,North America,4735.38
ORD101016,2025-09-04,Asia,4233.23
ORD100019,2025-09-05,North America,6299.08
ORD101086,2025-09-05,Europe,4186.58
ORD101659,2025-09-05,North America,7450.83
ORD101961,2025-09-05,Africa,2299.78
ORD101969,2025-09-05,Asia,4384.99
ORD100459,2025-09-06,Australia,2014.55
ORD100513,2025-09-06,Asia,3903.98
ORD100963,2025-09-06,Asia,2375.41
ORD101125,2025-09-06,Europe,5518.94
ORD101500,2025-09-06,Asia,4936.71
ORD100093,2025-09-07,Europe,4617.05
ORD101024,2025-09-07,Europe,3621.29
ORD100590,2025-09-08,North America,4745.34
ORD101093,2025-09-08,Asia,3138.45
ORD101126,2025-09-08,Europe,5358.29
ORD100723,2025-09-09,South America,3950.72
ORD101144,2025-09-09,Africa,805.76
ORD101599,2025-09-09,Australia,4216.83
ORD100361,2025-09-10,South America,4158.39
ORD100775,2025-09-10,Asia,5018.72
ORD100865,2025-09-10,Asia,3029.26
ORD101844,2025-09-10,Europe,3505.17
ORD101884,2025-09-10,Europe,7022.57
ORD100477,2025-09-11,Asia,4251.43
ORD101163,2025-09-11,Europe,2327.17
ORD101657,2025-09-11,Europe,4009.57
ORD101863,2025-09-11,Europe,3465.64
ORD100650,2025-09-12,Africa,3065.9
ORD100856,2025-09-12,Australia,5845.1
ORD101548,2025-09-12,North America,5514.06
ORD100297,2025-09-13,North America,3084.79
ORD100780,2025-09-13,Asia,4122.92
ORD101007,2025-09-13,Asia,6082.47
ORD101158,2025-09-13,Europe,7532.18
ORD100560,2025-09-14,Africa,2763.11
ORD100882,2025-09-14,Asia,5683.09
ORD101150,2025-09-14,North America,5313.36
ORD101465,2025-09-14,North America,4523.82
ORD101856,2025-09-14,Australia,6063.47
ORD101896,2025-09-14,North America,7069.28
ORD100146,2025-09-15,Europe,2978.66
ORD101310,2025-09-15,Africa,2119.18
ORD101314,2025-09-15,North America,5513.54
ORD101552,2025-09-15,Asia,4371.15
ORD100643,2025-09-16,Asia,2014.89
ORD100835,2025-09-16,North America,5849.58
ORD101127,2025-09-16,Europe,4473.24
ORD101401,2025-09-16,Asia,5529.94
ORD100125,2025-09-17,Europe,3988.83
ORD100151,2025-09-17,North America,4439.37
ORD101347,2025-09-17,Africa,2194.89
ORD101560,2025-09-17,North America,4129.46
ORD100232,2025-09-18,Asia,3523.59
ORD100610,2025-09-18,Asia,4114.54
ORD101042,2025-09-18,South America,2926.31
ORD100006,2025-09-19,Europe,4083.18
ORD100037,2025-09-19,Europe,4558.17
ORD101292,2025-09-19,South America,2905.14
ORD101706,2025-09-19,Asia,3731.88
ORD101247,2025-09-20,Europe,3588.05
ORD100668,2025-09-21,North America,6609.77
ORD101419,2025-09-21,North America,3528.65
ORD101735,2025-09-21,Europe,5624.27
ORD101486,2025-09-22,Europe,5072.76
ORD101589,2025-09-22,Asia,4683.3
ORD100427,2025-09-23,North America,5441.13
ORD100829,2025-09-23,Australia,4729.25
ORD101509,2025-09-23,Asia,1701.47
ORD101521,2025-09-23,North America,5791.34
ORD101280,2025-09-24,Asia,4966.87
ORD101734,2025-09-24,Europe,6279.98
ORD101214,2025-09-25,Asia,4413.56
ORD101325,2025-09-25,Europe,6039.44
ORD100492,2025-09-26,Africa,5364.14
ORD100504,2025-09-26,Europe,3761.03
ORD101023,2025-09-26,North America,2283.9
ORD100921,2025-09-29,Asia,3880.56
ORD101658,2025-09-30,Asia,5321.61
ORD100396,2025-10-01,North America,4218.87
ORD100558,2025-10-01,Asia,2840.31
ORD101245,2025-10-01,Europe,5033.57
ORD101408,2025-10-01,Europe,1974.27
ORD101898,2025-10-01,North America,3284.39
ORD101943,2025-10-01,Africa,2626.78
ORD101824,2025-10-02,Australia,4083.68
ORD100781,2025-10-03,North America,5317.36
ORD100812,2025-10-04,Asia,7670.84
ORD101201,2025-10-04,North America,5096.16
ORD101716,2025-10-04,North America,5447.56
ORD101893,2025-10-04,Asia,3516.89
ORD101371,2025-10-05,Asia,3583.95
ORD101634,2025-10-05,Asia,600.07
ORD101713,2025-10-05,Europe,3524.03
ORD100517,2025-10-06,North America,5145.03
ORD101141,2025-10-06,Africa,4189.37
ORD101792,2025-10-06,North America,5559.78
ORD101815,2025-10-07,North America,3408.74
ORD100904,2025-10-08,North America,6041.79
ORD100375,2025-10-09,Australia,4668.78
ORD101004,2025-10-09,South America,4809.33
ORD101324,2025-10-10,North America,2670.31
ORD101375,2025-10-10,Europe,7294.07
ORD101752,2025-10-10,South America,2945.68
ORD100035,2025-10-11,Europe,3722.08
ORD100565,2025-10-11,Africa,3906.63
ORD101912,2025-10-11,North America,5137.09
ORD101606,2025-10-12,North America,3588.82
ORD101692,2025-10-12,Europe,6969.28
ORD100358,2025-10-13,Asia,4038.56
ORD100362,2025-10-13,Europe,3849.1
ORD100389,2025-10-13,Australia,3558.04
ORD101389,2025-10-13,South America,3700.94
ORD100048,2025-10-14,South America,3509.55
ORD100364,2025-10-15,North America,5843.88
ORD100579,2025-10-15,Australia,2377.93
ORD101304,2025-10-16,Asia,4546.03
ORD100304,2025-10-17,Europe,6013.36
ORD100828,2025-10-17,Asia,3765.28
ORD101384,2025-10-17,North America,6092.59
ORD101557,2025-10-17,North America,4733.73
ORD101632,2025-10-17,Asia,4903.45
ORD101878,2025-10-17,Europe,4686.53
ORD100095,2025-10-18,Asia,2664.65
ORD100740,2025-10-18,South America,4171.71
ORD101471,2025-10-18,Asia,6162.7
ORD100179,2025-10-20,North America,6969.74
ORD100220,2025-10-21,North America,5809.33
ORD100592,2025-10-21,North America,3859.82
ORD101037,2025-10-21,Australia,2770.08
ORD101315,2025-10-21,Europe,5245.05
ORD101428,2025-10-21,South America,3955.28
ORD101826,2025-10-21,South America,2605.12
ORD101206,2025-10-22,Asia,3084.98
ORD101732,2025-10-22,Europe,7846.67
ORD100067,2025-10-23,Europe,4169.65
ORD100345,2025-10-23,Australia,1595.93
ORD101108,2025-10-25,Australia,4000.66
ORD101287,2025-10-25,Africa,2675.39
ORD100202,2025-10-26,Asia,3666.09
ORD100843,2025-10-26,North America,3836.72
ORD101154,2025-10-26,Africa,2312.65
ORD101390,2025-10-26,North America,3022.32
ORD101569,2025-10-26,South America,4694.29
ORD100840,2025-10-27,South America,4023.73
ORD100943,2025-10-29,Europe,5117.45
ORD101708,2025-10-29,North America,7412.43
ORD101507,2025-10-30,Australia,2848.98
ORD100324,2025-10-31,South America,2947.36
ORD100529,2025-10-31,North America,3143.19
ORD100642,2025-10-31,North America,4314.22
ORD101354,2025-10-31,Asia,3440.19
ORD101951,2025-10-31,North America,4794.7
ORD100153,2025-11-01,North America,6276.46
ORD101170,2025-11-01,Asia,3363.14
ORD101948,2025-11-01,Africa,2545.3
ORD100669,2025-11-02,North America,8720.32
ORD100804,2025-11-02,South America,3108.08
ORD101103,2025-11-02,Africa,3135.8
ORD101530,2025-11-02,Asia,5607.94
ORD101564,2025-11-02,Asia,3723.85
ORD100715,2025-11-03,Europe,4093.75
ORD100969,2025-11-03,Asia,5097.68
ORD101081,2025-11-03,Europe,6819.0
ORD101705,2025-11-03,South America,2547.74
ORD100530,2025-11-04,Europe,2906.24
ORD100733,2025-11-04,South America,2005.39
ORD101006,2025-11-04,Africa,3057.2
ORD101972,2025-11-04,South America,5723.09
ORD100061,2025-11-05,Australia,6510.12
ORD100527,2025-11-05,Europe,5594.61
ORD101262,2025-11-06,Australia,5295.06
ORD101623,2025-11-06,North America,7563.94
ORD101679,2025-11-06,South America,5606.91
ORD101990,2025-11-06,Asia,4525.32
ORD100264,2025-11-07,Australia,2478.46
ORD100452,2025-11-07,Asia,4211.53
ORD100577,2025-11-07,Africa,2129.24
ORD100586,2025-11-07,Australia,3913.74
ORD101067,2025-11-07,Asia,2791.02
ORD100024,2025-11-08,Asia,4939.59
ORD100499,2025-11-08,Europe,6407.67
ORD101182,2025-11-08,Australia,3016.98
ORD100421,2025-11-09,South America,2787.84
ORD100438,2025-11-09,Asia,3992.78
ORD100862,2025-11-09,Australia,2286.96
ORD100693,2025-11-11,Europe,7204.48
ORD100722,2025-11-11,North America,6107.51
ORD101143,2025-11-11,South America,2768.78
ORD101273,2025-11-11,South America,3340.62
ORD101516,2025-11-11,Africa,4176.31
ORD101751,2025-11-11,North America,4295.25
ORD101533,2025-11-12,South America,4142.81
ORD101977,2025-11-12,South America,3504.4
ORD100470,2025-11-13,North America,4161.8
ORD100491,2025-11-13,North America,3775.39
ORD100409,2025-11-14,Africa,3641.86
ORD101443,2025-11-14,North America,1992.88
ORD101766,2025-11-14,Australia,5078.4
ORD100348,2025-11-15,Europe,6845.78
ORD100382,2025-11-15,North America,6783.33
ORD100680,2025-11-15,Asia,3602.35
ORD100754,2025-11-15,Africa,1981.32
ORD100764,2025-11-15,North America,4181.89
ORD100181,2025-11-16,South America,4385.77
ORD100286,2025-11-16,Australia,6339.63
ORD101447,2025-11-16,North America,3271.7
ORD100319,2025-11-17,South America,3554.91
ORD101689,2025-11-17,Europe,4546.01
ORD100081,2025-11-18,Europe,4752.84
ORD100936,2025-11-18,North America,5658.7
ORD101109,2025-11-18,Europe,4405.3
ORD101910,2025-11-18,Asia,2450.55
ORD101837,2025-11-19,Asia,6227.45
ORD101874,2025-11-19,Europe,7146.34
ORD101681,2025-11-20,Africa,2440.55
ORD100694,2025-11-22,South America,3646.68
ORD100926,2025-11-22,North America,4605.7
ORD100383,2025-11-23,Asia,5339.23
ORD100949,2025-11-23,North America,7248.03
ORD100571,2025-11-24,Europe,3066.66
ORD100640,2025-11-24,South America,3966.17
ORD100763,2025-11-24,North America,4050.12
ORD100965,2025-11-24,South America,5405.23
ORD101421,2025-11-25,North America,3067.64
ORD101727,2025-11-25,South America,2647.51
ORD100776,2025-11-26,Asia,4128.98
ORD101295,2025-11-26,Europe,7111.78
ORD100340,2025-11-27,Europe,4371.41
ORD100671,2025-11-27,Europe,6478.12
ORD101269,2025-11-27,South America,1594.92
ORD101832,2025-11-27,Asia,5751.63
ORD101930,2025-11-27,South America,4271.62
ORD101934,2025-11-27,Africa,2244.47
ORD100293,2025-11-28,Asia,3587.26
ORD100448,2025-11-29,Asia,4571.94
ORD101440,2025-11-29,South America,2454.61
ORD101784,2025-11-29,Europe,5718.73
ORD100274,2025-12-01,Asia,4877.55
ORD100684,2025-12-01,Europe,6134.77
ORD101054,2025-12-01,Africa,2055.86
ORD101083,2025-12-01,South America,3486.06
ORD100195,2025-12-02,Africa,3346.83
ORD100451,2025-12-02,Africa,2438.12
ORD100515,2025-12-02,Africa,3822.02
ORD100683,2025-12-02,South America,4468.65
ORD101376,2025-12-02,North America,5689.58
ORD101448,2025-12-02,Europe,7104.85
ORD101810,2025-12-02,North America,5047.43
ORD101939,2025-12-02,Europe,4832.27
ORD100649,2025-12-03,Australia,6143.56
ORD100751,2025-12-03,Asia,3760.26
ORD101223,2025-12-03,Europe,3879.11
ORD101700,2025-12-03,Africa,2246.99
ORD100200,2025-12-04,South America,3652.25
ORD100503,2025-12-04,Europe,5277.75
ORD100999,2025-12-04,Africa,3634.41
ORD101377,2025-12-04,Africa,1002.43
ORD100337,2025-12-05,North America,4008.27
ORD100853,2025-12-05,Asia,2836.35
ORD101210,2025-12-05,North America,5615.14
ORD101243,2025-12-05,Europe,3941.99
ORD101369,2025-12-05,Europe,6011.83
ORD100466,2025-12-07,South America,1726.89
ORD100609,2025-12-07,Europe,5053.38
ORD100064,2025-12-08,Asia,2843.1
ORD100797,2025-12-08,Asia,4597.4
ORD100861,2025-12-08,Asia,5169.53
ORD101567,2025-12-08,North America,4471.69
ORD100208,2025-12-09,Asia,4072.15
ORD100355,2025-12-09,Africa,3901.54
ORD100417,2025-12-09,Asia,3195.87
ORD101226,2025-12-09,Europe,5955.52
ORD100046,2025-12-10,Europe,3814.19
ORD101233,2025-12-10,North America,5642.84
ORD101955,2025-12-10,Asia,6217.65
ORD100404,2025-12-11,Europe,4282.09
ORD100959,2025-12-11,Africa,1812.65
ORD100441,2025-12-12,Europe,3847.95
ORD100947,2025-12-12,North America,5631.53
ORD100325,2025-12-13,Europe,6717.86
ORD100012,2025-12-14,Asia,4140.95
ORD101649,2025-12-14,South America,4407.59
ORD101797,2025-12-14,Asia,3906.75
ORD101250,2025-12-15,Europe,2774.89
ORD101475,2025-12-15,Europe,4915.27
ORD101746,2025-12-16,South America,2652.92
ORD100594,2025-12-17,Europe,5095.52
ORD100851,2025-12-17,Europe,6340.97
ORD100894,2025-12-17,North America,6443.77
ORD100914,2025-12-17,Asia,4186.84
ORD101381,2025-12-17,Africa,3206.6
ORD101198,2025-12-18,Asia,5524.68
ORD100141,2025-12-19,Europe,5592.66
ORD101676,2025-12-19,Asia,2927.22
ORD101707,2025-12-19,Africa,2491.42
ORD101830,2025-12-19,South America,3903.53
ORD100555,2025-12-20,Europe,4942.0
ORD101203,2025-12-20,Africa,2488.35
ORD101228,2025-12-20,North America,3261.13
ORD101393,2025-12-20,Europe,4030.09
ORD101457,2025-12-20,Asia,6222.82
ORD101570,2025-12-20,Australia,2472.03
ORD101828,2025-12-20,North America,5460.87
ORD101246,2025-12-21,North America,2142.54
ORD100772,2025-12-22,South America,4126.54
ORD101747,2025-12-23,North America,3605.11
ORD101962,2025-12-23,Australia,2966.52
ORD100265,2025-12-24,Asia,4051.44
ORD101082,2025-12-24,North America,5448.91
ORD101088,2025-12-24,Europe,4851.65
ORD100347,2025-12-25,Europe,4085.16
ORD101620,2025-12-25,Australia,3148.21
ORD100145,2025-12-26,Europe,2377.74
ORD100356,2025-12-26,North America,4608.67
ORD101626,2025-12-26,Europe,5619.45
ORD101998,2025-12-27,North America,6195.36
ORD100511,2025-12-28,North America,4656.27
ORD101056,2025-12-28,Asia,5740.74
ORD101117,2025-12-28,Europe,4678.59
ORD101422,2025-12-28,North America,3704.35
ORD101559,2025-12-28,Asia,3212.21
ORD100161,2025-12-29,North America,4058.29
ORD100691,2025-12-29,South America,4660.49
ORD100810,2025-12-29,North America,2712.57
ORD100401,2025-12-30,Asia,3821.43
ORD101169,2025-12-30,Europe,4820.17
ORD101346,2025-12-30,North America,4649.22
ORD100820,2025-12-31,Asia,4085.74
ORD101336,2025-12-31,South America,4767.23
